hash_dec	hash_le	db_entry	name	perf_le
2890557822	7E 69 4A AC	300_mph_test_car	Nissan GT-R (R35) SpecV	7E 69 4A AC
28692514	22 D0 B5 01	ALF_8C_COM_09_NFS_E	Alfa Romeo 8C Competizione - NFS Edition	01 B5 D0 22
1129288831	7F 94 4F 43	ALF_8C_COM_09_PP1V1	Alfa Romeo 8C Competizione - Circuit Racer Pack	01 6B F2 A4
2749721523	B3 6B E5 A3	ALF_8C_COM_09_PP1V2	Alfa Romeo 8C Competizione - Circuit Racer Pack	01 6B F2 A4
1577402451	53 40 05 5E	ALF_8C_COM_09_PP1V3	Alfa Romeo 8C Competizione - Circuit Racer Pack	01 6B F2 A4
2931269889	01 A1 B7 AE	ALF_8C_COM_09_PP1V4	Alfa Romeo 8C Competizione - Circuit Racer Pack	01 6B F2 A4
545725305	79 1B 87 20	ALF_8C_COM_09_PP1V5	Alfa Romeo 8C Competizione - Circuit Racer Pack	01 6B F2 A4
1401710848	00 69 8C 53	ALF_8C_COM_09_PP1V6	Alfa Romeo 8C Competizione - Circuit Racer Pack	01 6B F2 A4
377796986	7A B9 84 16	ALF_8C_COM_09_PP_RARE	Alfa Romeo 8C Competizione - Signature Edition	16 84 B9 7A
3176329263	2F F0 52 BD	ALF_8C_COM_09_PP_STOCK_1	Alfa Romeo 8C Competizione	00 00 00 00
1161332968	E8 88 38 45	ALF_8C_COM_09_PP_STOCK_2	Alfa Romeo 8C Competizione	00 00 00 00
1353908376	98 00 B3 50	ALF_8C_COM_09_PP_STOCK_3	Alfa Romeo 8C Competizione	00 00 00 00
554637414	66 18 0F 21	ALF_8C_COM_09_PP_STOCK_4	Alfa Romeo 8C Competizione	00 00 00 00
4291003338	CA 83 C3 FF	ALF_8C_COM_09_PP_STOCK_5	Alfa Romeo 8C Competizione	00 00 00 00
343428854	F6 4E 78 14	ALF_8C_COM_09_PP_STOCK_6	Alfa Romeo 8C Competizione	00 00 00 00
1416749643	4B E2 71 54	AST_VAN_V12_10_PP_RARE_1	Aston Martin V12 Vantage "Lightweight"	12 BB 56 EA
1759326234	1A 30 DD 68	AUD_UR_QUA_91_PP_RARE_1	Audi Quattro 20V "Hill Climber"	60 AE C4 35
1772937300	54 E0 AC 69	DOD_CHA_RT_71_PP_RARE_1	Dodge Challenger R/T "Vanish"	4A 1D 27 A9
608140496	D0 7C 3F 24	DOD_CHA_SRT_08_PP_RARE_1	Dodge Challenger SRT8 "Sinister"	8D 07 67 13
2661219538	D2 FC 9E 9E	LAM_DIA_SV_95_NFS_E	Lamborghini Diablo SV - NFS Edition	9E 9E FC D2
2511964166	06 88 B9 95	LAM_DIA_SV_95_PP1V1	Lamborghini Diablo SV - Retro Racer Pack	73 1D E0 8B
613055054	4E 7A 8A 24	LAM_DIA_SV_95_PP1V2	Lamborghini Diablo SV - Retro Racer Pack	73 1D E0 8B
2214461355	AB FF FD 83	LAM_DIA_SV_95_PP1V3	Lamborghini Diablo SV - Retro Racer Pack	73 1D E0 8B
338656460	CC 7C 2F 14	LAM_DIA_SV_95_PP1V4	Lamborghini Diablo SV - Retro Racer Pack	73 1D E0 8B
1623173271	97 A8 BF 60	LAM_DIA_SV_95_PP1V5	Lamborghini Diablo SV - Retro Racer Pack	73 1D E0 8B
544110450	72 77 6E 20	LAM_DIA_SV_95_PP1V6	Lamborghini Diablo SV - Retro Racer Pack	73 1D E0 8B
3291984553	A9 B2 37 C4	LAM_DIA_SV_95_PP_RARE	Lamborghini Diablo SV - Signature Edition	C4 37 B2 A9
2722472739	23 A3 45 A2	LAM_DIA_SV_95_PP_STOCK_1	Lamborghini Diablo SV	00 00 00 00
800769028	04 C4 BA 2F	LAM_DIA_SV_95_PP_STOCK_2	Lamborghini Diablo SV	00 00 00 00
599248535	97 CE B7 23	LAM_DIA_SV_95_PP_STOCK_3	Lamborghini Diablo SV	00 00 00 00
1644549584	D0 D5 05 62	LAM_DIA_SV_95_PP_STOCK_4	Lamborghini Diablo SV	00 00 00 00
2239689878	96 F4 7E 85	LAM_DIA_SV_95_PP_STOCK_5	Lamborghini Diablo SV	00 00 00 00
2320388560	D0 51 4E 8A	LAM_DIA_SV_95_PP_STOCK_6	Lamborghini Diablo SV	00 00 00 00
281475891	33 FB C6 10	LAM_GAL_SPL_10_PP1V1	Lamborghini Gallardo LP 570-4 Superleggera - Style Pack 1	F7 9A 64 92
1108682138	9A 25 15 42	LAM_GAL_SPL_10_PP1V2	Lamborghini Gallardo LP 570-4 Superleggera - Style Pack 1	F7 9A 64 92
728579066	FA 3B 6D 2B	LAM_GAL_SPL_10_PP1V3	Lamborghini Gallardo LP 570-4 Superleggera - Style Pack 1	F7 9A 64 92
3602581778	12 09 BB D6	LAM_GAL_SPL_10_PP1V4	Lamborghini Gallardo LP 570-4 Superleggera - Style Pack 1	F7 9A 64 92
1602259902	BE 8B 80 5F	LAM_GAL_SPL_10_PP1V5	Lamborghini Gallardo LP 570-4 Superleggera - Style Pack 1	F7 9A 64 92
1773539923	53 12 B6 69	LAM_GAL_SPL_10_PP1V6	Lamborghini Gallardo LP 570-4 Superleggera - Style Pack 1	F7 9A 64 92
385809801	89 FD FE 16	LAM_GAL_SPL_10_PP_RARE	Lamborghini Gallardo LP 570-4 Superleggera - Signature Edition	6E 3B 03 25
3325697983	BF 1F 3A C6	LAM_GAL_SPL_10_PP_STOCK_1	Lamborghini Gallardo LP 570-4 Superleggera	00 00 00 00
655383902	5E 5D 10 27	LAM_GAL_SPL_10_PP_STOCK_2	Lamborghini Gallardo LP 570-4 Superleggera	00 00 00 00
2270373248	80 25 53 87	LAM_GAL_SPL_10_PP_STOCK_3	Lamborghini Gallardo LP 570-4 Superleggera	00 00 00 00
4233634070	16 21 58 FC	LAM_GAL_SPL_10_PP_STOCK_4	Lamborghini Gallardo LP 570-4 Superleggera	00 00 00 00
703299843	03 81 EB 29	LAM_GAL_SPL_10_PP_STOCK_5	Lamborghini Gallardo LP 570-4 Superleggera	00 00 00 00
1429297837	AD 5A 31 55	LAM_GAL_SPL_10_PP_STOCK_6	Lamborghini Gallardo LP 570-4 Superleggera	00 00 00 00
3737631344	70 BA C7 DE	LAM_MIU_SV_71_RIVAL_1	Lamborghini Miura SV "Rival"	
1370591706	DA 91 B1 51	LAN_DEL_INT_93_NFS_E	Lancia Delta Integrale HF - NFS Edition	51 B1 91 DA
783102215	07 31 AD 2E	LAN_DEL_INT_93_PP1V1	Lancia Delta Integrale HF - Rally Pack	BD 3A 43 43
2045133884	3C 44 E6 79	LAN_DEL_INT_93_PP1V2	Lancia Delta Integrale HF - Rally Pack	BD 3A 43 43
4240299006	FE D3 BD FC	LAN_DEL_INT_93_PP1V3	Lancia Delta Integrale HF - Rally Pack	BD 3A 43 43
1485261437	7D 4A 87 58	LAN_DEL_INT_93_PP1V4	Lancia Delta Integrale HF - Rally Pack	BD 3A 43 43
1792607848	68 06 D9 6A	LAN_DEL_INT_93_PP1V5	Lancia Delta Integrale HF - Rally Pack	BD 3A 43 43
1878950215	47 81 FE 6F	LAN_DEL_INT_93_PP1V6	Lancia Delta Integrale HF - Rally Pack	BD 3A 43 43
2468267707	BB C6 1E 93	LAN_DEL_INT_93_PP_RARE	Lancia Delta Integrale HF - Signature Edition	93 1E C6 BB
1699459161	59 B0 4B 65	LAN_DEL_INT_93_PP_STOCK_1	Lancia Delta Integrale HF	00 00 00 00
4292197620	F4 BC D5 FF	LAN_DEL_INT_93_PP_STOCK_2	Lancia Delta Integrale HF	00 00 00 00
1982403263	BF 12 29 76	LAN_DEL_INT_93_PP_STOCK_3	Lancia Delta Integrale HF	00 00 00 00
2354945898	6A 9F 5D 8C	LAN_DEL_INT_93_PP_STOCK_4	Lancia Delta Integrale HF	00 00 00 00
3370665311	5F 45 E8 C8	LAN_DEL_INT_93_PP_STOCK_5	Lancia Delta Integrale HF	00 00 00 00
3233698969	99 54 BE C0	LAN_DEL_INT_93_PP_STOCK_6	Lancia Delta Integrale HF	00 00 00 00
2233010987	2B 0B 19 85	MAS_GT_STR_12_NFS_E	Maserati GranTurismo MC Stradale - NFS Edition	85 19 0B 2B
1533225449	E9 29 63 5B	MAS_GT_STR_12_PP1V1	Maserati GranTurismo MC Stradale - Track Day Racer Pack	E8 B6 D7 E3
2447511445	95 0F E2 91	MAS_GT_STR_12_PP1V2	Maserati GranTurismo MC Stradale - Track Day Racer Pack	E8 B6 D7 E3
3065922865	31 45 BE B6	MAS_GT_STR_12_PP1V3	Maserati GranTurismo MC Stradale - Track Day Racer Pack	E8 B6 D7 E3
2492686056	E8 5E 93 94	MAS_GT_STR_12_PP1V4	Maserati GranTurismo MC Stradale - Track Day Racer Pack	E8 B6 D7 E3
575953995	4B 5C 54 22	MAS_GT_STR_12_PP1V5	Maserati GranTurismo MC Stradale - Track Day Racer Pack	E8 B6 D7 E3
871484959	1F CE F1 33	MAS_GT_STR_12_PP1V6	Maserati GranTurismo MC Stradale - Track Day Racer Pack	E8 B6 D7 E3
2870538066	52 EF 18 AB	MAS_GT_STR_12_PP_STOCK_1	Maserati GranTurismo MC Stradale	00 00 00 00
2188405272	18 6A 70 82	MAS_GT_STR_12_PP_STOCK_2	Maserati GranTurismo MC Stradale	00 00 00 00
104247225	B9 AF 36 06	MAS_GT_STR_12_PP_STOCK_3	Maserati GranTurismo MC Stradale	00 00 00 00
1072985508	A4 75 F4 3F	MAS_GT_STR_12_PP_STOCK_4	Maserati GranTurismo MC Stradale	00 00 00 00
2539769058	E2 CC 61 97	MAS_GT_STR_12_PP_STOCK_5	Maserati GranTurismo MC Stradale	00 00 00 00
2011923970	02 86 EB 77	MAS_GT_STR_12_PP_STOCK_6	Maserati GranTurismo MC Stradale	00 00 00 00
1157514873	79 46 FE 44	MAS_MC_STR_05_PP1V1	Maserati MC12 - Style Pack 1	30 45 67 90
3637542401	01 7E D0 D8	MAS_MC_STR_05_PP1V2	Maserati MC12 - Style Pack 1	30 45 67 90
944253473	21 2A 48 38	MAS_MC_STR_05_PP1V3	Maserati MC12 - Style Pack 1	30 45 67 90
1789313029	05 C0 A6 6A	MAS_MC_STR_05_PP1V4	Maserati MC12 - Style Pack 1	30 45 67 90
1817222736	50 9E 50 6C	MAS_MC_STR_05_PP1V5	Maserati MC12 - Style Pack 1	30 45 67 90
1242123714	C2 4D 09 4A	MAS_MC_STR_05_PP1V6	Maserati MC12 - Style Pack 1	30 45 67 90
877856617	69 07 53 34	MAS_MC_STR_05_PP_STOCK_1	Maserati MC12	00 00 00 00
3791013588	D4 46 F6 E1	MAZ_MX5_RHT_09_PP_RARE_1	Mazda MX-5 "T Prime"	31 1E 84 02
541096327	87 79 40 20	MIT_EVO_X_08_PP_RARE_1	Mitsubishi Lancer Evolution X "Busuto"	21 B5 F3 E2
987462888	E8 7C DB 3A	N/A	N/A	00 00 00 00
908415781	25 53 25 36	N/A	N/A	00 00 00 00
202674185	09 90 14 0C	N/A	N/A	00 00 00 00
1918122870	76 3B 54 72	N/A	N/A	00 00 00 00
2486710082	42 2F 38 94	N/A	N/A	00 00 00 00
1935808049	31 16 62 73	N/A	N/A	00 00 00 00
1301565875	B3 51 94 4D	N/A	N/A	00 00 00 00
700441438	5E E3 BF 29	NULL	Dodge Charger SRT-8 Police Interceptor	00 00 00 00
1327479671	77 BB 1F 4F	NULL	Ford Taurus Police Interceptor "DA-FUZZ"	00 00 00 00
1891289054	DE C7 BA 70	NULL	Lamborghini Miura SV "Rival"	11 34 B1 5B
2734400560	30 A4 FB A2	NULL	McLaren F1	00 00 00 00
3456340490	0A 92 03 CE	NULL	McLaren MP4-12C "MACCA"	6B 1A 56 C7
142171273	89 5C 79 08	NULL	McLaren MP4-12C	00 00 00 00
2514421767	07 08 DF 95	NULL	Nissan R32 GT-R "Eddie"	94 60 61 3A
11789831	07 E6 B3 00	NULL	Nissan GT-R V-Spec	00 00 00 00
579469758	BE 01 8A 22	NULL	Porsche 911 Carrera 4S	00 00 00 00
3618112453	C5 03 A8 D7	NULL	Porsche 911 GT2 "R W"	00 00 00 00
3094015493	05 EE 6A B8	NULL	Toyota Supra "Placeholder"	00 00 00 00
2472966696	28 7A 66 93	NULL	Dodge Charger SRT-8 Taxi	00 00 00 00
1624166953	29 D2 CE 60	NULL	Nissan 240ZG "Coeur de Valerie"	00 00 00 00
1876057227	8B 5C D2 6F	NULL	Porsche Cayenne Turbo	8B 5C D2 6F
4237819717	45 FF 97 FC	PAG_ZON_R_09_PP1V1	Pagani Zonda R - Aero Pack	B5 5D BA F4
3209761745	D1 13 51 BF	PAG_ZON_R_09_PP1V2	Pagani Zonda R - Aero Pack	B5 5D BA F4
3564356274	B2 C2 73 D4	PAG_ZON_R_09_PP1V3	Pagani Zonda R - Aero Pack	B5 5D BA F4
1538577389	ED D3 B4 5B	PAG_ZON_R_09_PP1V4	Pagani Zonda R - Aero Pack	B5 5D BA F4
1048902560	A0 FB 84 3E	PAG_ZON_R_09_PP1V5	Pagani Zonda R - Aero Pack	B5 5D BA F4
1477707390	7E 06 14 58	PAG_ZON_R_09_PP1V6	Pagani Zonda R - Aero Pack	B5 5D BA F4
1606620635	DB 15 C3 5F	PAG_ZON_R_09_PP_STOCK_1	Pagani Zonda R	00 00 00 00
1129839707	5B FC 57 43	PAG_ZON_R_09_PP_STOCK_2	Pagani Zonda R	00 00 00 00
4142030595	03 5F E2 F6	PAG_ZON_R_09_PP_STOCK_3	Pagani Zonda R	00 00 00 00
2209869415	67 EE B7 83	PAG_ZON_R_09_PP_STOCK_4	Pagani Zonda R	00 00 00 00
3410933518	0E B7 4E CB	PAG_ZON_R_09_PP_STOCK_5	Pagani Zonda R	00 00 00 00
2013786111	FF EF 07 78	PAG_ZON_R_09_PP_STOCK_6	Pagani Zonda R	00 00 00 00
646171499	6B CB 83 26	POR_993_GT2_96_PP_RARE_1	Porsche 911 GT2 "Strade"	EE B3 EF 5A
540039182	0E 58 30 20	SHE_MUS_SNK_12_PP_RARE_1	Ford Shelby GT500 Super Snake "1200 BHP"	0D 4E 59 F1
2956186169	39 D2 33 B0	TOY_SUP_STK_98_MARKETING_2	Toyota Supra "Marketing 2"	
1537749785	19 33 A8 5B	ast_one_77_10	Aston Martin One-77 	00 00 00 00
1844033689	99 B8 E9 6D	ast_one_77_10_ai_220	Aston Martin One-77 	D9 69 E7 B2
3418726804	94 A1 C5 CB	ast_one_77_10_ai_268	Aston Martin One-77 	19 33 A8 5B
613611658	8A F8 92 24	ast_one_77_10_pp1v1	Aston Martin One-77 - Style Pack 1	4A E2 FD C7
813015225	B9 A0 75 30	ast_one_77_10_pp1v2	Aston Martin One-77 - Style Pack 1	4A E2 FD C7
3419515662	0E AB D1 CB	ast_one_77_10_pp1v3	Aston Martin One-77 - Style Pack 1	4A E2 FD C7
2461199550	BE EC B2 92	ast_one_77_10_pp1v4	Aston Martin One-77 - Style Pack 1	4A E2 FD C7
1159870676	D4 38 22 45	ast_one_77_10_pp1v5	Aston Martin One-77 - Style Pack 1	4A E2 FD C7
1797540164	44 49 24 6B	ast_one_77_10_pp1v6	Aston Martin One-77 - Style Pack 1	4A E2 FD C7
2593782817	21 FC 99 9A	ast_one_77_10_pp1v7	Aston Martin One-77 - Style Pack 1	4A E2 FD C7
3779064502	B6 F2 3F E1	ast_one_77_10_pp1v8	Aston Martin One-77 - Style Pack 1	4A E2 FD C7
2815320120	38 60 CE A7	ast_one_77_10_pp2v1	Aston Martin One-77 - Aero Pack	6C C3 20 51
1595550620	9C 2B 1A 5F	ast_one_77_10_pp2v2	Aston Martin One-77 - Aero Pack	6C C3 20 51
2739858695	07 ED 4E A3	ast_one_77_10_pp2v3	Aston Martin One-77 - Aero Pack	6C C3 20 51
3707827774	3E F6 00 DD	ast_one_77_10_pp2v4	Aston Martin One-77 - Aero Pack	6C C3 20 51
781260459	AB 16 91 2E	ast_one_77_10_pp2v5	Aston Martin One-77 - Aero Pack	6C C3 20 51
539917869	2D 7E 2E 20	ast_one_77_10_pp2v6	Aston Martin One-77 - Aero Pack	6C C3 20 51
3665518132	34 5E 7B DA	ast_one_77_10_pp2v7	Aston Martin One-77 - Aero Pack	6C C3 20 51
334451358	9E 52 EF 13	ast_one_77_10_pp2v8	Aston Martin One-77 - Aero Pack	6C C3 20 51
2723042599	27 55 4E A2	ast_one_77_10_pp_rival_1	Aston Martin One-77 - Signature Edition	2E F3 2B 56
2351754525	1D ED 2C 8C	ast_one_77_10_pp_stock_1	Aston Martin One-77 	00 00 00 00
1662806892	6C 6B 1C 63	ast_one_77_10_pp_stock_2	Aston Martin One-77 	00 00 00 00
228872290	62 50 A4 0D	ast_one_77_10_pp_stock_3	Aston Martin One-77 	00 00 00 00
1964104069	85 D9 11 75	ast_one_77_10_pp_stock_4	Aston Martin One-77 	00 00 00 00
2344597012	14 B6 BF 8B	ast_one_77_10_pp_stock_5	Aston Martin One-77	00 00 00 00
2132135922	F2 CF 15 7F	ast_one_77_10_pp_stock_6	Aston Martin One-77	00 00 00 00
1440933530	9A E6 E2 55	ast_one_77_10_pp_stock_7	Aston Martin One-77	00 00 00 00
549781442	C2 FF C4 20	ast_one_77_10_pp_stock_8	Aston Martin One-77 	00 00 00 00
3222817952	A0 4C 18 C0	ast_van_v12_10	Aston Martin V12 Vantage	00 00 00 00
2952613532	9C 4E FD AF	ast_van_v12_10_ai_184	Aston Martin V12 Vantage	A0 4C 18 C0
3992452817	D1 FE F7 ED	ast_van_v12_10_ai_203	Aston Martin V12 Vantage	DC 7C 8E 9C
757287967	1F 4C 23 2D	ast_van_v12_10_ai_240	Aston Martin V12 Vantage	DC 7C 8E 9C
1209748362	8A 4B 1B 48	ast_van_v12_10_pp1v1	Aston Martin V12 Vantage - Style Pack 1	E4 DD 67 30
156245113	79 1C 50 09	ast_van_v12_10_pp1v2	Aston Martin V12 Vantage - Style Pack 1	E4 DD 67 30
2961619387	BB B9 86 B0	ast_van_v12_10_pp1v3	Aston Martin V12 Vantage - Style Pack 1	E4 DD 67 30
615862543	0F 51 B5 24	ast_van_v12_10_pp1v4	Aston Martin V12 Vantage - Style Pack 1	E4 DD 67 30
3526445934	6E 4B 31 D2	ast_van_v12_10_pp1v5	Aston Martin V12 Vantage - Style Pack 1	E4 DD 67 30
1940697587	F3 B1 AC 73	ast_van_v12_10_pp1v6	Aston Martin V12 Vantage - Style Pack 1	E4 DD 67 30
1907609268	B4 CE B3 71	ast_van_v12_10_pp1v7	Aston Martin V12 Vantage - Style Pack 1	E4 DD 67 30
485309306	7A 3B ED 1C	ast_van_v12_10_pp1v8	Aston Martin V12 Vantage - Style Pack 1	E4 DD 67 30
2649851143	07 85 F1 9D	ast_van_v12_10_pp2v1	Aston Martin V12 Vantage - Racer Pack	DC 7C 8E 9C
2740677938	32 6D 5B A3	ast_van_v12_10_pp2v2	Aston Martin V12 Vantage - Racer Pack	DC 7C 8E 9C
3244052405	B5 4F 5C C1	ast_van_v12_10_pp2v3	Aston Martin V12 Vantage - Racer Pack	DC 7C 8E 9C
324189125	C5 BB 52 13	ast_van_v12_10_pp2v4	Aston Martin V12 Vantage - Racer Pack	DC 7C 8E 9C
3068513522	F2 CC E5 B6	ast_van_v12_10_pp2v5	Aston Martin V12 Vantage - Racer Pack	DC 7C 8E 9C
2539124295	47 F6 57 97	ast_van_v12_10_pp2v6	Aston Martin V12 Vantage - Racer Pack	DC 7C 8E 9C
1079128207	8F 30 52 40	ast_van_v12_10_pp2v7	Aston Martin V12 Vantage - Racer Pack	DC 7C 8E 9C
3986919576	98 90 A3 ED	ast_van_v12_10_pp2v8	Aston Martin V12 Vantage - Racer Pack	DC 7C 8E 9C
2857975358	3E 3E 59 AA	ast_van_v12_10_pp_stock_1	Aston Martin V12 Vantage	00 00 00 00
1056218528	A0 9D F4 3E	ast_van_v12_10_pp_stock_2	Aston Martin V12 Vantage	00 00 00 00
809462544	10 6B 3F 30	ast_van_v12_10_pp_stock_3	Aston Martin V12 Vantage	00 00 00 00
3789039603	F3 27 D8 E1	ast_van_v12_10_pp_stock_4	Aston Martin V12 Vantage	00 00 00 00
748112314	BA 49 97 2C	ast_van_v12_10_pp_stock_5	Aston Martin V12 Vantage	00 00 00 00
4237537439	9F B0 93 FC	ast_van_v12_10_pp_stock_6	Aston Martin V12 Vantage	00 00 00 00
3644164539	BB 89 35 D9	ast_van_v12_10_pp_stock_7	Aston Martin V12 Vantage	00 00 00 00
3325394192	10 7D 35 C6	ast_van_v12_10_pp_stock_8	Aston Martin V12 Vantage	00 00 00 00
1326689714	B2 AD 13 4F	aud_r8_v10_10	Audi R8 V10 5.2 FSI quattro	00 00 00 00
2940168599	97 69 3F AF	aud_r8_v10_10_ai_209	Audi R8 V10 5.2 FSI quattro	B2 AD 13 4F
165937657	F9 01 E4 09	aud_r8_v10_10_ai_218	Audi R8 V10 5.2 FSI quattro	17 25 AC 10
1231946819	43 04 6E 49	aud_r8_v10_10_ai_242	Audi R8 V10 5.2 FSI quattro	CE D5 A7 B6
1506140079	AF DF C5 59	aud_r8_v10_10_ai_257	Audi R8 V10 5.2 FSI quattro	CE D5 A7 B6
3319259724	4C E2 D7 C5	aud_r8_v10_10_ai_300	Audi R8 V10 5.2 FSI quattro	B2 AD 13 4F
1884283732	54 E3 4F 70	aud_r8_v10_10_ai_304	Audi R8 V10 5.2 FSI quattro	17 25 AC 10
3506796393	69 77 05 D1	aud_r8_v10_10_ai_305	Audi R8 V10 5.2 FSI quattro	17 25 AC 10
3064452558	CE D5 A7 B6	aud_r8_v10_10_nfs_e	Audi R8 V10 5.2 FSI quattro - NFS Edition	CE D5 A7 B6
3153242597	E5 A9 F2 BB	aud_r8_v10_10_pp1v1	Audi R8 V10 5.2 FSI quattro - Style Pack 1	42 63 AA 75
2307027108	A4 70 82 89	aud_r8_v10_10_pp1v2	Audi R8 V10 5.2 FSI quattro - Style Pack 1	42 63 AA 75
499499300	24 C1 C5 1D	aud_r8_v10_10_pp1v3	Audi R8 V10 5.2 FSI quattro - Style Pack 1	42 63 AA 75
2061057295	0F 3D D9 7A	aud_r8_v10_10_pp1v4	Audi R8 V10 5.2 FSI quattro - Style Pack 1	42 63 AA 75
2164929752	D8 34 0A 81	aud_r8_v10_10_pp1v5	Audi R8 V10 5.2 FSI quattro - Style Pack 1	42 63 AA 75
2351105315	23 05 23 8C	aud_r8_v10_10_pp1v6	Audi R8 V10 5.2 FSI quattro - Style Pack 1	42 63 AA 75
3678179291	DB 8F 3C DB	aud_r8_v10_10_pp1v7	Audi R8 V10 5.2 FSI quattro - Style Pack 1	42 63 AA 75
2968035414	56 A0 E8 B0	aud_r8_v10_10_pp1v8	Audi R8 V10 5.2 FSI quattro - Style Pack 1	42 63 AA 75
3941504193	C1 94 EE EA	aud_r8_v10_10_pp2v1	Audi R8 V10 5.2 FSI quattro - Racer Pack	35 7C DD 49
946310086	C6 8B 67 38	aud_r8_v10_10_pp2v2	Audi R8 V10 5.2 FSI quattro - Racer Pack	35 7C DD 49
3101273182	5E AC D9 B8	aud_r8_v10_10_pp2v3	Audi R8 V10 5.2 FSI quattro - Racer Pack	35 7C DD 49
1720961441	A1 C9 93 66	aud_r8_v10_10_pp2v4	Audi R8 V10 5.2 FSI quattro - Racer Pack	35 7C DD 49
3451502449	71 BF B9 CD	aud_r8_v10_10_pp2v5	Audi R8 V10 5.2 FSI quattro - Racer Pack	35 7C DD 49
3228403145	C9 85 6D C0	aud_r8_v10_10_pp2v6	Audi R8 V10 5.2 FSI quattro - Racer Pack	35 7C DD 49
1373600144	90 79 DF 51	aud_r8_v10_10_pp2v7	Audi R8 V10 5.2 FSI quattro - Racer Pack	35 7C DD 49
1570802703	0F 8C A0 5D	aud_r8_v10_10_pp2v8	Audi R8 V10 5.2 FSI quattro - Racer Pack	35 7C DD 49
1078212109	0D 36 44 40	aud_r8_v10_10_pp_run	Audi R8 V10 5.2 FSI quattro - NFS Edition	A7 67 99 8A
227798401	81 ED 93 0D	aud_r8_v10_10_pp_stock_1	Audi R8 V10 5.2 FSI quattro	00 00 00 00
1122426375	07 DE E6 42	aud_r8_v10_10_pp_stock_2	Audi R8 V10 5.2 FSI quattro	00 00 00 00
3104963178	6A FA 11 B9	aud_r8_v10_10_pp_stock_3	Audi R8 V10 5.2 FSI quattro	00 00 00 00
4282122155	AB FF 3B FF	aud_r8_v10_10_pp_stock_4	Audi R8 V10 5.2 FSI quattro	00 00 00 00
3564047321	D9 0B 6F D4	aud_r8_v10_10_pp_stock_5	Audi R8 V10 5.2 FSI quattro	00 00 00 00
3006082025	E9 2B 2D B3	aud_r8_v10_10_pp_stock_6	Audi R8 V10 5.2 FSI quattro	00 00 00 00
3886975273	29 89 AE E7	aud_r8_v10_10_pp_stock_7	Audi R8 V10 5.2 FSI quattro	00 00 00 00
1615791234	82 04 4F 60	aud_r8_v10_10_pp_stock_8	Audi R8 V10 5.2 FSI quattro	00 00 00 00
1147473296	90 0D 65 44	aud_r8_v10_10_presale_1	Audi R8 V10 5.2 FSI quattro - Signature Edition	51 48 56 99
1176546926	6E AE 20 46	aud_r8_v10_10_test_rainbow	Audi R8 V10 5.2 FSI quattro	00 00 00 00
228521963	EB F7 9E 0D	aud_rs4_stk_08	Audi RS4	00 00 00 00
1203948497	D1 CB C2 47	aud_rs4_stk_08_car_crusher	Audi RS4	EB F7 9E 0D
432192852	54 BD C2 19	aud_rs4_stk_08_nfs_e	Audi RS4 - NFS Edition	36 5A 1F E6
1222696140	CC DC E0 48	aud_rs4_stk_08_pp_stock_1	Audi RS4	00 00 00 00
346836159	BF 4C AC 14	aud_ur_qua_91	Audi Quattro 20V	00 00 00 00
3418979519	BF 7C C9 CB	aud_ur_qua_91_ai_073	Audi Quattro 20V	D9 C0 F1 87
2360253972	14 9E AE 8C	aud_ur_qua_91_ai_078	Audi Quattro 20V	DC 86 D9 3F
3953285671	27 5A A2 EB	aud_ur_qua_91_ai_161	Audi Quattro 20V	59 28 9D 07
1878717712	10 F5 FA 6F	aud_ur_qua_91_ai_162	Audi Quattro 20V	59 28 9D 07
3430276423	47 DD 75 CC	aud_ur_qua_91_pp1v1	Audi Quattro 20V - Style Pack 1	8D BF 34 E9
525374202	FA 92 50 1F	aud_ur_qua_91_pp1v2	Audi Quattro 20V - Style Pack 1	8D BF 34 E9
2421831877	C5 38 5A 90	aud_ur_qua_91_pp1v3	Audi Quattro 20V - Style Pack 1	8D BF 34 E9
3639407362	02 F3 EC D8	aud_ur_qua_91_pp1v4	Audi Quattro 20V - Style Pack 1	8D BF 34 E9
3439650783	DF E7 04 CD	aud_ur_qua_91_pp1v5	Audi Quattro 20V - Style Pack 1	8D BF 34 E9
1437497350	06 78 AE 55	aud_ur_qua_91_pp1v6	Audi Quattro 20V - Style Pack 1	8D BF 34 E9
2206765284	E4 90 88 83	aud_ur_qua_91_pp1v7	Audi Quattro 20V - Style Pack 1	8D BF 34 E9
334309293	AD 27 ED 13	aud_ur_qua_91_pp1v8	Audi Quattro 20V - Style Pack 1	8D BF 34 E9
1746276484	84 10 16 68	aud_ur_qua_91_pp2v1	Audi Quattro 20V - Rally Pack	96 CD DF F2
1897472721	D1 22 19 71	aud_ur_qua_91_pp2v2	Audi Quattro 20V - Rally Pack	96 CD DF F2
1434221880	38 7D 7C 55	aud_ur_qua_91_pp2v3	Audi Quattro 20V - Rally Pack	96 CD DF F2
2930360105	29 BF A9 AE	aud_ur_qua_91_pp2v4	Audi Quattro 20V - Rally Pack	96 CD DF F2
3489959443	13 8E 04 D0	aud_ur_qua_91_pp2v5	Audi Quattro 20V - Rally Pack	96 CD DF F2
3919268643	23 4B 9B E9	aud_ur_qua_91_pp2v6	Audi Quattro 20V - Rally Pack	96 CD DF F2
3658714535	A7 8D 13 DA	aud_ur_qua_91_pp2v7	Audi Quattro 20V - Rally Pack	96 CD DF F2
1219017437	DD BA A8 48	aud_ur_qua_91_pp2v8	Audi Quattro 20V - Rally Pack	96 CD DF F2
470076578	A2 CC 04 1C	aud_ur_qua_91_pp_run	Audi Quattro 20V - NFS Edition	59 28 9D 07
2502726747	5B 94 2C 95	aud_ur_qua_91_pp_stock_1	Audi Quattro 20V	00 00 00 00
3073349389	0D 97 2F B7	aud_ur_qua_91_pp_stock_2	Audi Quattro 20V	00 00 00 00
143753977	F9 82 91 08	aud_ur_qua_91_pp_stock_3	Audi Quattro 20V	00 00 00 00
4225561497	99 F3 DC FB	aud_ur_qua_91_pp_stock_4	Audi Quattro 20V	00 00 00 00
786735054	CE 9F E4 2E	aud_ur_qua_91_pp_stock_5	Audi Quattro 20V	00 00 00 00
974677243	FB 64 18 3A	aud_ur_qua_91_pp_stock_6	Audi Quattro 20V	00 00 00 00
1071177696	E0 DF D8 3F	aud_ur_qua_91_pp_stock_7	Audi Quattro 20V	00 00 00 00
1589944205	8D 9F C4 5E	aud_ur_qua_91_pp_stock_8	Audi Quattro 20V	00 00 00 00
1058562086	26 60 18 3F	bmw_1m_cou_11	BMW 1 Series M Coupé	00 00 00 00
3602306200	98 D4 B6 D6	bmw_1m_cou_11_ai_104	BMW 1 Series M Coupé	94 0D 0B 3A
4195333919	1F B7 0F FA	bmw_1m_cou_11_ai_113	BMW 1 Series M Coupé	94 0D 0B 3A
2642674280	68 02 84 9D	bmw_1m_cou_11_ai_151	BMW 1 Series M Coupé	94 0D 0B 3A
703857006	6E 01 F4 29	bmw_1m_cou_11_ai_227	BMW 1 Series M Coupé	94 0D 0B 3A
2763298933	75 98 B4 A4	bmw_1m_cou_11_ai_234	BMW 1 Series M Coupé	94 0D 0B 3A
2448163724	8C 03 EC 91	bmw_1m_cou_11_ai_273	BMW 1 Series M Coupé	94 0D 0B 3A
174027777	01 74 5F 0A	bmw_1m_cou_11_ai_274	BMW 1 Series M Coupé	94 0D 0B 3A
973802900	94 0D 0B 3A	bmw_1m_cou_11_nfs_e	BMW 1 Series M Coupé - NFS Edition	94 0D 0B 3A
3945816222	9E 60 30 EB	bmw_1m_cou_11_pp1v1	BMW 1 Series M Coupé - Style Pack 1	4E 69 72 5B
2321264403	13 AF 5B 8A	bmw_1m_cou_11_pp1v2	BMW 1 Series M Coupé - Style Pack 1	4E 69 72 5B
4201770054	46 EC 71 FA	bmw_1m_cou_11_pp1v3	BMW 1 Series M Coupé - Style Pack 1	4E 69 72 5B
2763850870	76 04 BD A4	bmw_1m_cou_11_pp1v4	BMW 1 Series M Coupé - Style Pack 1	4E 69 72 5B
1473680774	86 95 D6 57	bmw_1m_cou_11_pp1v5	BMW 1 Series M Coupé - Style Pack 1	4E 69 72 5B
2917259099	5B D7 E1 AD	bmw_1m_cou_11_pp1v6	BMW 1 Series M Coupé - Style Pack 1	4E 69 72 5B
3524824816	F0 8E 18 D2	bmw_1m_cou_11_pp1v7	BMW 1 Series M Coupé - Style Pack 1	4E 69 72 5B
3980318952	E8 D8 3E ED	bmw_1m_cou_11_pp1v8	BMW 1 Series M Coupé - Style Pack 1	4E 69 72 5B
2977276367	CF A1 75 B1	bmw_1m_cou_11_pp2v1	BMW 1 Series M Coupé - Style Pack 2	85 C5 39 5B
3673015324	1C C4 ED DA	bmw_1m_cou_11_pp2v2	BMW 1 Series M Coupé - Style Pack 2	85 C5 39 5B
918124626	52 78 B9 36	bmw_1m_cou_11_pp2v3	BMW 1 Series M Coupé - Style Pack 2	85 C5 39 5B
2424043674	9A F8 7B 90	bmw_1m_cou_11_pp2v4	BMW 1 Series M Coupé - Style Pack 2	85 C5 39 5B
379563218	D2 AC 9F 16	bmw_1m_cou_11_pp2v5	BMW 1 Series M Coupé - Style Pack 2	85 C5 39 5B
3199971586	02 B1 BB BE	bmw_1m_cou_11_pp2v6	BMW 1 Series M Coupé - Style Pack 2	85 C5 39 5B
1749352611	A3 00 45 68	bmw_1m_cou_11_pp2v7	BMW 1 Series M Coupé - Style Pack 2	85 C5 39 5B
564318466	02 D1 A2 21	bmw_1m_cou_11_pp2v8	BMW 1 Series M Coupé - Style Pack 2	85 C5 39 5B
2064005055	BF 37 06 7B	bmw_1m_cou_11_pp3v1	BMW 1 Series M Coupé - Aero Pack	5E D3 EA 01
4266376709	05 BE 4B FE	bmw_1m_cou_11_pp3v2	BMW 1 Series M Coupé - Aero Pack	5E D3 EA 01
2762481233	51 1E A8 A4	bmw_1m_cou_11_pp3v3	BMW 1 Series M Coupé - Aero Pack	5E D3 EA 01
1934195751	27 7C 49 73	bmw_1m_cou_11_pp3v4	BMW 1 Series M Coupé - Aero Pack	5E D3 EA 01
2195817996	0C 86 E1 82	bmw_1m_cou_11_pp3v5	BMW 1 Series M Coupé - Aero Pack	5E D3 EA 01
3952140360	48 E0 90 EB	bmw_1m_cou_11_pp3v6	BMW 1 Series M Coupé - Aero Pack	5E D3 EA 01
1711728313	B9 E6 06 66	bmw_1m_cou_11_pp3v7	BMW 1 Series M Coupé - Aero Pack	5E D3 EA 01
795523235	A3 B8 6A 2F	bmw_1m_cou_11_pp3v8	BMW 1 Series M Coupé - Aero Pack	5E D3 EA 01
1682648577	01 2E 4B 64	bmw_1m_cou_11_pp_rare_1	BMW 1 Series M Coupé - Signature Edition	AF D8 DB A3
1589748689	D1 A3 C1 5E	bmw_1m_cou_11_pp_stock_1	BMW 1 Series M Coupé	00 00 00 00
2658310466	42 99 72 9E	bmw_1m_cou_11_pp_stock_2	BMW 1 Series M Coupé	00 00 00 00
1982746101	F5 4D 2E 76	bmw_1m_cou_11_pp_stock_3	BMW 1 Series M Coupé	00 00 00 00
2977696076	4C 09 7C B1	bmw_1m_cou_11_pp_stock_4	BMW 1 Series M Coupé	00 00 00 00
2351016142	CE A8 21 8C	bmw_1m_cou_11_pp_stock_5	BMW 1 Series M Coupé	00 00 00 00
345003198	BE 54 90 14	bmw_1m_cou_11_pp_stock_6	BMW 1 Series M Coupé	00 00 00 00
3416940580	24 60 AA CB	bmw_1m_cou_11_pp_stock_7	BMW 1 Series M Coupé	00 00 00 00
465335523	E3 74 BC 1B	bmw_1m_cou_11_pp_stock_8	BMW 1 Series M Coupé	00 00 00 00
1550529042	12 32 6B 5C	bmw_m3_e30_90	BMW M3 Sport Evolution	00 00 00 00
3965047869	3D D4 55 EC	bmw_m3_e30_90_ai_080	BMW M3 Sport Evolution	F9 65 88 08
3000683173	A5 CA DA B2	bmw_m3_e30_90_ai_099	BMW M3 Sport Evolution	E2 6E B2 09
3508062179	E3 C7 18 D1	bmw_m3_e30_90_ai_144	BMW M3 Sport Evolution	F9 65 88 08
771405773	CD B7 FA 2D	bmw_m3_e30_90_ai_145	BMW M3 Sport Evolution	F9 65 88 08
3867369482	0A 60 83 E6	bmw_m3_e30_90_ai_229	BMW M3 Sport Evolution	E2 6E B2 09
143156729	F9 65 88 08	bmw_m3_e30_90_nfs_e	BMW M3 Sport Evolution - NFS Edition	F9 65 88 08
1344878465	81 37 29 50	bmw_m3_e30_90_pp1v1	BMW M3 Sport Evolution - Style Pack 1	2E 38 C3 37
3222883691	6B 4D 19 C0	bmw_m3_e30_90_pp1v2	BMW M3 Sport Evolution - Style Pack 1	2E 38 C3 37
2760522428	BC 3A 8A A4	bmw_m3_e30_90_pp1v3	BMW M3 Sport Evolution - Style Pack 1	2E 38 C3 37
2441659885	ED C5 88 91	bmw_m3_e30_90_pp1v4	BMW M3 Sport Evolution - Style Pack 1	2E 38 C3 37
1711657867	8B D3 05 66	bmw_m3_e30_90_pp1v5	BMW M3 Sport Evolution - Style Pack 1	2E 38 C3 37
3386285552	F0 9D D6 C9	bmw_m3_e30_90_pp1v6	BMW M3 Sport Evolution - Style Pack 1	2E 38 C3 37
2767762115	C3 B2 F8 A4	bmw_m3_e30_90_pp1v7	BMW M3 Sport Evolution - Style Pack 1	2E 38 C3 37
550353009	71 B8 CD 20	bmw_m3_e30_90_pp1v8	BMW M3 Sport Evolution - Style Pack 1	2E 38 C3 37
3822158826	EA 83 D1 E3	bmw_m3_e30_90_pp2v1	BMW M3 Sport Evolution - Circuit Racer Pack	E7 2F 55 3B
1604073555	53 38 9C 5F	bmw_m3_e30_90_pp2v2	BMW M3 Sport Evolution - Circuit Racer Pack	E7 2F 55 3B
2716578068	14 B1 EB A1	bmw_m3_e30_90_pp2v3	BMW M3 Sport Evolution - Circuit Racer Pack	E7 2F 55 3B
123659843	43 E6 5E 07	bmw_m3_e30_90_pp2v4	BMW M3 Sport Evolution - Circuit Racer Pack	E7 2F 55 3B
3196185096	08 EA 81 BE	bmw_m3_e30_90_pp2v5	BMW M3 Sport Evolution - Circuit Racer Pack	E7 2F 55 3B
848354360	38 DC 90 32	bmw_m3_e30_90_pp2v6	BMW M3 Sport Evolution - Circuit Racer Pack	E7 2F 55 3B
2031359819	4B 17 14 79	bmw_m3_e30_90_pp2v7	BMW M3 Sport Evolution - Circuit Racer Pack	E7 2F 55 3B
3336543571	53 9D DF C6	bmw_m3_e30_90_pp2v8	BMW M3 Sport Evolution - Circuit Racer Pack	E7 2F 55 3B
2320421064	C8 D0 4E 8A	bmw_m3_e30_90_pp_rare_1	BMW M3 Sport Evolution - Signature Edition	4F 7D 8B 28
1719691339	4B 68 80 66	bmw_m3_e30_90_pp_stock_1	BMW M3 Sport Evolution	00 00 00 00
4277695769	19 75 F8 FE	bmw_m3_e30_90_pp_stock_2	BMW M3 Sport Evolution	00 00 00 00
27874341	25 54 A9 01	bmw_m3_e30_90_pp_stock_3	BMW M3 Sport Evolution	00 00 00 00
4078634043	3B 04 1B F3	bmw_m3_e30_90_pp_stock_4	BMW M3 Sport Evolution	00 00 00 00
2966784590	4E 8A D5 B0	bmw_m3_e30_90_pp_stock_5	BMW M3 Sport Evolution	00 00 00 00
3817400829	FD E9 88 E3	bmw_m3_e30_90_pp_stock_6	BMW M3 Sport Evolution	00 00 00 00
308716637	5D A4 66 12	bmw_m3_e30_90_pp_stock_7	BMW M3 Sport Evolution	00 00 00 00
3301497845	F5 DB C8 C4	bmw_m3_e30_90_pp_stock_8	BMW M3 Sport Evolution	00 00 00 00
1532046934	56 2E 51 5B	bmw_m3_gts_10	BMW M3 GTS (E92)	00 00 00 00
3696104006	46 12 4E DC	bmw_m3_gts_10_ai_170	BMW M3 GTS (E92)	56 2E 51 5B
746773576	48 DC 82 2C	bmw_m3_gts_10_ai_175	BMW M3 GTS (E92)	56 2E 51 5B
1628119987	B3 23 0B 61	bmw_m3_gts_10_ai_196	BMW M3 GTS (E92)	56 2E 51 5B
2566921480	08 1D 00 99	bmw_m3_gts_10_ai_217	BMW M3 GTS (E92)	83 74 CE C3
4284533236	F4 C9 60 FF	bmw_m3_gts_10_ai_228	BMW M3 GTS (E92)	83 74 CE C3
3979197479	27 BC 2D ED	bmw_m3_gts_10_nfs_e	BMW M3 GTS (E92) - NFS Edition	27 BC 2D ED
4253438343	87 51 86 FD	bmw_m3_gts_10_pp1v1	BMW M3 GTS (E92) - Style Pack 1	22 E3 AC 46
3899570125	CD B7 6E E8	bmw_m3_gts_10_pp1v2	BMW M3 GTS (E92) - Style Pack 1	22 E3 AC 46
905341980	1C 6C F6 35	bmw_m3_gts_10_pp1v3	BMW M3 GTS (E92) - Style Pack 1	22 E3 AC 46
819534013	BD 18 D9 30	bmw_m3_gts_10_pp1v4	BMW M3 GTS (E92) - Style Pack 1	22 E3 AC 46
667930992	70 D1 CF 27	bmw_m3_gts_10_pp1v5	BMW M3 GTS (E92) - Style Pack 1	22 E3 AC 46
1709125158	26 2E DF 65	bmw_m3_gts_10_pp1v6	BMW M3 GTS (E92) - Style Pack 1	22 E3 AC 46
2976357794	A2 9D 67 B1	bmw_m3_gts_10_pp1v7	BMW M3 GTS (E92) - Style Pack 1	22 E3 AC 46
1455247681	41 51 BD 56	bmw_m3_gts_10_pp1v8	BMW M3 GTS (E92) - Style Pack 1	22 E3 AC 46
2699339161	99 A5 E4 A0	bmw_m3_gts_10_pp2v1	BMW M3 GTS (E92) - Style Pack 2	C7 84 78 E4
288253500	3C 66 2E 11	bmw_m3_gts_10_pp2v2	BMW M3 GTS (E92) - Style Pack 2	C7 84 78 E4
2914201421	4D 2F B3 AD	bmw_m3_gts_10_pp2v3	BMW M3 GTS (E92) - Style Pack 2	C7 84 78 E4
509416362	AA 13 5D 1E	bmw_m3_gts_10_pp2v4	BMW M3 GTS (E92) - Style Pack 2	C7 84 78 E4
1176650809	39 44 22 46	bmw_m3_gts_10_pp2v5	BMW M3 GTS (E92) - Style Pack 2	C7 84 78 E4
2215281177	19 82 0A 84	bmw_m3_gts_10_pp2v6	BMW M3 GTS (E92) - Style Pack 2	C7 84 78 E4
2929569884	5C B0 9D AE	bmw_m3_gts_10_pp2v7	BMW M3 GTS (E92) - Style Pack 2	C7 84 78 E4
826852884	14 C6 48 31	bmw_m3_gts_10_pp2v8	BMW M3 GTS (E92) - Style Pack 2	C7 84 78 E4
395352917	55 9B 90 17	bmw_m3_gts_10_pp3v1	BMW M3 GTS (E92) - Racer Pack	83 74 CE C3
2718552987	9B D3 09 A2	bmw_m3_gts_10_pp3v2	BMW M3 GTS (E92) - Racer Pack	83 74 CE C3
958678793	09 47 24 39	bmw_m3_gts_10_pp3v3	BMW M3 GTS (E92) - Racer Pack	83 74 CE C3
2530801355	CB F6 D8 96	bmw_m3_gts_10_pp3v4	BMW M3 GTS (E92) - Racer Pack	83 74 CE C3
183984966	46 63 F7 0A	bmw_m3_gts_10_pp3v5	BMW M3 GTS (E92) - Racer Pack	83 74 CE C3
3399069330	92 AE 99 CA	bmw_m3_gts_10_pp3v6	BMW M3 GTS (E92) - Racer Pack	83 74 CE C3
926356792	38 15 37 37	bmw_m3_gts_10_pp3v7	BMW M3 GTS (E92) - Racer Pack	83 74 CE C3
224973420	6C D2 68 0D	bmw_m3_gts_10_pp3v8	BMW M3 GTS (E92) - Racer Pack	83 74 CE C3
3981282928	70 8E 4D ED	bmw_m3_gts_10_pp_run	BMW M3 GTS (E92) - Signature Edition	70 8E 4D ED
1165774027	CB 4C 7C 45	bmw_m3_gts_10_pp_run_garage_car	BMW M3 GTS (E92) - Signature Edition	70 8E 4D ED
686915486	9E 7F F1 28	bmw_m3_gts_10_pp_stock_1	BMW M3 GTS (E92)	56 2E 51 5B
812096391	87 9B 67 30	bmw_m3_gts_10_pp_stock_2	BMW M3 GTS (E92)	56 2E 51 5B
4161620964	E4 4B 0D F8	bmw_m3_gts_10_pp_stock_3	BMW M3 GTS (E92)	56 2E 51 5B
896453571	C3 CB 6E 35	bmw_m3_gts_10_pp_stock_4	BMW M3 GTS (E92)	56 2E 51 5B
3569802549	35 DD C6 D4	bmw_m3_gts_10_pp_stock_5	BMW M3 GTS (E92)	56 2E 51 5B
2470945497	D9 A2 47 93	bmw_m3_gts_10_pp_stock_6	BMW M3 GTS (E92)	56 2E 51 5B
3841808018	92 56 FD E4	bmw_m3_gts_10_pp_stock_7	BMW M3 GTS (E92)	56 2E 51 5B
1855734981	C5 44 9C 6E	bmw_m3_gts_10_pp_stock_8	BMW M3 GTS (E92)	56 2E 51 5B
487380342	76 D5 0C 1D	bmw_m3_gts_10_presale_1	BMW M3 GTS (E92) - Signature Edition	AC 7B EF 63
3205249372	5C 39 0C BF	bmw_m3_gts_10_stock	BMW M3 GTS (E92)	56 2E 51 5B
1502826945	C1 51 93 59	bmw_z4_gt3_11	BMW Z4 GT3	00 00 00 00
3560685993	A9 C1 3B D4	bmw_z4_gt3_11_pp_stock_1	BMW Z4 GT3 - Signature Edition	C1 51 93 59
3987291888	F0 3E A9 ED	bug_vey_ss_10	Bugatti Veyron 16.4 Super Sport	00 00 00 00
397414533	85 10 B0 17	bug_vey_ss_10_pp1v1	Bugatti Veyron 16.4 Super Sport - Style Pack 1	BD 91 44 C5
13600042	2A 85 CF 00	bug_vey_ss_10_pp1v2	Bugatti Veyron 16.4 Super Sport - Style Pack 1	BD 91 44 C5
1173801304	58 C9 F6 45	bug_vey_ss_10_pp1v3	Bugatti Veyron 16.4 Super Sport - Style Pack 1	BD 91 44 C5
2683073109	55 72 EC 9F	bug_vey_ss_10_pp1v4	Bugatti Veyron 16.4 Super Sport - Style Pack 1	BD 91 44 C5
3414920866	A2 8E 8B CB	bug_vey_ss_10_pp1v5	Bugatti Veyron 16.4 Super Sport - Style Pack 1	BD 91 44 C5
4061025962	AA 56 0E F2	bug_vey_ss_10_pp1v6	Bugatti Veyron 16.4 Super Sport - Style Pack 1	BD 91 44 C5
4269471868	7C F8 7A FE	bug_vey_ss_10_pp1v7	Bugatti Veyron 16.4 Super Sport - Style Pack 1	BD 91 44 C5
1201919218	F2 D4 A3 47	bug_vey_ss_10_pp1v8	Bugatti Veyron 16.4 Super Sport - Style Pack 1	BD 91 44 C5
1396925995	2B 66 43 53	bug_vey_ss_10_pp_stock_1	Bugatti Veyron 16.4 Super Sport	00 00 00 00
233386615	77 32 E9 0D	bug_vey_ss_10_pp_stock_2	Bugatti Veyron 16.4 Super Sport	00 00 00 00
198885591	D7 C0 DA 0B	bug_vey_ss_10_pp_stock_3	Bugatti Veyron 16.4 Super Sport	00 00 00 00
2508479814	46 5D 84 95	bug_vey_ss_10_pp_stock_4	Bugatti Veyron 16.4 Super Sport	00 00 00 00
38889236	14 67 51 02	bug_vey_ss_10_pp_stock_5	Bugatti Veyron 16.4 Super Sport	00 00 00 00
2998207530	2A 04 B5 B2	bug_vey_ss_10_pp_stock_6	Bugatti Veyron 16.4 Super Sport	00 00 00 00
222257381	E5 60 3F 0D	bug_vey_ss_10_pp_stock_7	Bugatti Veyron 16.4 Super Sport	00 00 00 00
3456734173	DD 93 09 CE	bug_vey_ss_10_pp_stock_8	Bugatti Veyron 16.4 Super Sport	00 00 00 00
1751982565	E5 21 6D 68	che_cam_ss_67	Chevrolet Camaro SS (1967)	00 00 00 00
1925569773	ED DC C5 72	che_cam_ss_67_ai_017	Chevrolet Camaro SS (1967)	E6 87 8B 2D
145181003	4B 49 A7 08	che_cam_ss_67_ai_083	Chevrolet Camaro SS (1967)	E6 87 8B 2D
2789574667	0B 88 45 A6	che_cam_ss_67_ai_095	Chevrolet Camaro SS (1967)	E6 87 8B 2D
2695468121	59 94 A9 A0	che_cam_ss_67_ai_107	Chevrolet Camaro SS (1967)	E6 87 8B 2D
2955493261	8D 3F 29 B0	che_cam_ss_67_ai_207	Chevrolet Camaro SS (1967)	E6 87 8B 2D
1157837898	4A 34 03 45	che_cam_ss_67_ai_230	Chevrolet Camaro SS (1967)	E6 87 8B 2D
764119014	E6 87 8B 2D	che_cam_ss_67_nfs_e	Chevrolet Camaro SS (1967) - NFS Edition	E6 87 8B 2D
3081220414	3E B1 A7 B7	che_cam_ss_67_pp1v1	Chevrolet Camaro SS (1967) - Style Pack 1	76 7D 9C BD
3592925827	83 B2 27 D6	che_cam_ss_67_pp1v2	Chevrolet Camaro SS (1967) - Style Pack 1	76 7D 9C BD
3266637662	5E EF B4 C2	che_cam_ss_67_pp1v3	Chevrolet Camaro SS (1967) - Style Pack 1	76 7D 9C BD
2666891000	F8 86 F5 9E	che_cam_ss_67_pp1v4	Chevrolet Camaro SS (1967) - Style Pack 1	76 7D 9C BD
727204961	61 44 58 2B	che_cam_ss_67_pp1v5	Chevrolet Camaro SS (1967) - Style Pack 1	76 7D 9C BD
3125885403	DB 39 51 BA	che_cam_ss_67_pp1v6	Chevrolet Camaro SS (1967) - Style Pack 1	76 7D 9C BD
2651151702	56 5D 05 9E	che_cam_ss_67_pp1v7	Chevrolet Camaro SS (1967) - Style Pack 1	76 7D 9C BD
1186585958	66 DD B9 46	che_cam_ss_67_pp1v8	Chevrolet Camaro SS (1967) - Style Pack 1	76 7D 9C BD
294992580	C4 3A 95 11	che_cam_ss_67_pp2v1	Chevrolet Camaro SS (1967) - Retro Racer Pack	6C 8F F6 3B
1994935998	BE 4E E8 76	che_cam_ss_67_pp2v2	Chevrolet Camaro SS (1967) - Retro Racer Pack	6C 8F F6 3B
3973623092	34 AD D8 EC	che_cam_ss_67_pp2v3	Chevrolet Camaro SS (1967) - Retro Racer Pack	6C 8F F6 3B
1586667587	43 A0 92 5E	che_cam_ss_67_pp2v4	Chevrolet Camaro SS (1967) - Retro Racer Pack	6C 8F F6 3B
561880036	E4 9B 7D 21	che_cam_ss_67_pp2v5	Chevrolet Camaro SS (1967) - Retro Racer Pack	6C 8F F6 3B
3709442087	27 98 19 DD	che_cam_ss_67_pp2v6	Chevrolet Camaro SS (1967) - Retro Racer Pack	6C 8F F6 3B
1761118415	CF 88 F8 68	che_cam_ss_67_pp2v7	Chevrolet Camaro SS (1967) - Retro Racer Pack	6C 8F F6 3B
313799965	1D 35 B4 12	che_cam_ss_67_pp2v8	Chevrolet Camaro SS (1967) - Retro Racer Pack	6C 8F F6 3B
313312439	B7 C4 AC 12	che_cam_ss_67_pp_rare_1	Chevrolet Camaro SS (1967) - Signature Edition	91 21 38 5E
1522441908	B4 9E BE 5A	che_cam_ss_67_pp_stock_1	Chevrolet Camaro SS (1967)	00 00 00 00
150155535	0F 31 F3 08	che_cam_ss_67_pp_stock_2	Chevrolet Camaro SS (1967)	00 00 00 00
4047731096	98 79 43 F1	che_cam_ss_67_pp_stock_3	Chevrolet Camaro SS (1967)	00 00 00 00
3603434424	B8 0B C8 D6	che_cam_ss_67_pp_stock_4	Chevrolet Camaro SS (1967)	00 00 00 00
933904526	8E 40 AA 37	che_cam_ss_67_pp_stock_5	Chevrolet Camaro SS (1967)	00 00 00 00
1760866290	F2 AF F4 68	che_cam_ss_67_pp_stock_6	Chevrolet Camaro SS (1967)	00 00 00 00
1935511816	08 91 5D 73	che_cam_ss_67_pp_stock_7	Chevrolet Camaro SS (1967)	00 00 00 00
3986269571	83 A5 99 ED	che_cam_ss_67_pp_stock_8	Chevrolet Camaro SS (1967)	00 00 00 00
1839728173	2D 06 A8 6D	che_cam_zl1_13	Chevrolet Camaro ZL1	00 00 00 00
1413757768	48 3B 44 54	che_cam_zl1_13_ai_093	Chevrolet Camaro ZL1	8D 0F C1 88
434546318	8E A6 E6 19	che_cam_zl1_13_ai_105	Chevrolet Camaro ZL1	8D 0F C1 88
1941660844	AC 64 BB 73	che_cam_zl1_13_ai_219	Chevrolet Camaro ZL1	8D 0F C1 88
1014647458	A2 4A 7A 3C	che_cam_zl1_13_ai_231	Chevrolet Camaro ZL1	8D 0F C1 88
3383585077	35 69 AD C9	che_cam_zl1_13_ai_252	Chevrolet Camaro ZL1	84 C1 E7 BA
1827806134	B6 1B F2 6C	che_cam_zl1_13_ai_277	Chevrolet Camaro ZL1	8D 0F C1 88
1921363409	D1 AD 85 72	che_cam_zl1_13_ai_278	Chevrolet Camaro ZL1	8D 0F C1 88
1831980885	55 CF 31 6D	che_cam_zl1_13_ai_306	Chevrolet Camaro ZL1	8D 0F C1 88
1035889824	A0 6C BE 3D	che_cam_zl1_13_ai_307	Chevrolet Camaro ZL1	8D 0F C1 88
2845890261	D5 D6 A0 A9	che_cam_zl1_13_pp1v1	Chevrolet Camaro ZL1 - Style Pack 1	F6 3D CF 2B
618684679	07 61 E0 24	che_cam_zl1_13_pp1v2	Chevrolet Camaro ZL1 - Style Pack 1	F6 3D CF 2B
3221787345	D1 92 08 C0	che_cam_zl1_13_pp1v3	Chevrolet Camaro ZL1 - Style Pack 1	F6 3D CF 2B
680150701	AD 46 8A 28	che_cam_zl1_13_pp1v4	Chevrolet Camaro ZL1 - Style Pack 1	F6 3D CF 2B
3203285712	D0 42 EE BE	che_cam_zl1_13_pp1v5	Chevrolet Camaro ZL1 - Style Pack 1	F6 3D CF 2B
461022405	C5 A4 7A 1B	che_cam_zl1_13_pp1v6	Chevrolet Camaro ZL1 - Style Pack 1	F6 3D CF 2B
2281320077	8D 2E FA 87	che_cam_zl1_13_pp1v7	Chevrolet Camaro ZL1 - Style Pack 1	F6 3D CF 2B
3943711842	62 44 10 EB	che_cam_zl1_13_pp1v8	Chevrolet Camaro ZL1 - Style Pack 1	F6 3D CF 2B
2371858311	87 AF 5F 8D	che_cam_zl1_13_pp2v1	Chevrolet Camaro ZL1 - Style Pack 2	3E 37 FB B6
1545230830	EE 59 1A 5C	che_cam_zl1_13_pp2v2	Chevrolet Camaro ZL1 - Style Pack 2	3E 37 FB B6
2751531008	00 08 01 A4	che_cam_zl1_13_pp2v3	Chevrolet Camaro ZL1 - Style Pack 2	3E 37 FB B6
2969141841	51 82 F9 B0	che_cam_zl1_13_pp2v4	Chevrolet Camaro ZL1 - Style Pack 2	3E 37 FB B6
1350682392	18 C7 81 50	che_cam_zl1_13_pp2v5	Chevrolet Camaro ZL1 - Style Pack 2	3E 37 FB B6
1066377356	8C A0 8F 3F	che_cam_zl1_13_pp2v6	Chevrolet Camaro ZL1 - Style Pack 2	3E 37 FB B6
130575769	99 6D C8 07	che_cam_zl1_13_pp2v7	Chevrolet Camaro ZL1 - Style Pack 2	3E 37 FB B6
88753314	A2 44 4A 05	che_cam_zl1_13_pp2v8	Chevrolet Camaro ZL1 - Style Pack 2	3E 37 FB B6
3472866065	11 BB FF CE	che_cam_zl1_13_pp3v1	Chevrolet Camaro ZL1 - Track Day Racer Pack	A9 07 6D 05
3738227273	49 D2 D0 DE	che_cam_zl1_13_pp3v2	Chevrolet Camaro ZL1 - Track Day Racer Pack	A9 07 6D 05
1774222327	F7 7B C0 69	che_cam_zl1_13_pp3v3	Chevrolet Camaro ZL1 - Track Day Racer Pack	A9 07 6D 05
3208741637	05 83 41 BF	che_cam_zl1_13_pp3v4	Chevrolet Camaro ZL1 - Track Day Racer Pack	A9 07 6D 05
661753144	38 8D 71 27	che_cam_zl1_13_pp3v5	Chevrolet Camaro ZL1 - Track Day Racer Pack	A9 07 6D 05
2972577973	B5 F0 2D B1	che_cam_zl1_13_pp3v6	Chevrolet Camaro ZL1 - Track Day Racer Pack	A9 07 6D 05
156830348	8C 0A 59 09	che_cam_zl1_13_pp3v7	Chevrolet Camaro ZL1 - Track Day Racer Pack	A9 07 6D 05
993478156	0C 46 37 3B	che_cam_zl1_13_pp3v8	Chevrolet Camaro ZL1 - Track Day Racer Pack	A9 07 6D 05
1983307871	5F E0 36 76	che_cam_zl1_13_pp_rare_1	Chevrolet Camaro ZL1 - Signature Edition	84 C1 E7 BA
2294353805	8D 0F C1 88	che_cam_zl1_13_pp_run	Chevrolet Camaro ZL1 - NFS Edition	8D 0F C1 88
2795743982	EE AA A3 A6	che_cam_zl1_13_pp_run_garage_car	Chevrolet Camaro ZL1 - NFS Edition	8D 0F C1 88
3472941293	ED E0 00 CF	che_cam_zl1_13_pp_stock_1	Chevrolet Camaro ZL1	00 00 00 00
2984684668	7C AC E6 B1	che_cam_zl1_13_pp_stock_2	Chevrolet Camaro ZL1	00 00 00 00
3037524713	E9 F2 0C B5	che_cam_zl1_13_pp_stock_3	Chevrolet Camaro ZL1	00 00 00 00
1587308475	BB 67 9C 5E	che_cam_zl1_13_pp_stock_4	Chevrolet Camaro ZL1	00 00 00 00
1328143899	1B DE 29 4F	che_cam_zl1_13_pp_stock_5	Chevrolet Camaro ZL1	00 00 00 00
3873026126	4E B0 D9 E6	che_cam_zl1_13_pp_stock_6	Chevrolet Camaro ZL1	00 00 00 00
3297554487	37 B0 8C C4	che_cam_zl1_13_pp_stock_7	Chevrolet Camaro ZL1	00 00 00 00
1890087840	A0 73 A8 70	che_cam_zl1_13_pp_stock_8	Chevrolet Camaro ZL1	00 00 00 00
3781645985	A1 56 67 E1	che_el_cam_70	Chevrolet El Camino SS	00 00 00 00
2053301536	20 E5 62 7A	che_el_cam_70_ai_094	Chevrolet El Camino SS	E7 CE 2E B3
96789362	72 E3 C4 05	che_el_cam_70_ai_106	Chevrolet El Camino SS	E7 CE 2E B3
3083222042	1A 3C C6 B7	che_el_cam_70_ai_180	Chevrolet El Camino SS	89 58 6B 79
3822410543	2F 5B D5 E3	che_el_cam_70_ai_181	Chevrolet El Camino SS	89 58 6B 79
585575516	5C 2C E7 22	che_el_cam_70_ai_182	Chevrolet El Camino SS	89 58 6B 79
3393955391	3F A6 4B CA	che_el_cam_70_ai_266	Chevrolet El Camino SS	4C 1E 71 BE
3643384219	9B A1 29 D9	che_el_cam_70_ai_271	Chevrolet El Camino SS	E7 CE 2E B3
3169722097	F1 1E EE BC	che_el_cam_70_ai_272	Chevrolet El Camino SS	E7 CE 2E B3
3006189287	E7 CE 2E B3	che_el_cam_70_nfs_e	Chevrolet El Camino SS - NFS Edition	E7 CE 2E B3
3882225727	3F 10 66 E7	che_el_cam_70_pp1v1	Chevrolet El Camino SS - Style Pack 1	B2 48 95 89
1866111370	8A 99 3A 6F	che_el_cam_70_pp1v2	Chevrolet El Camino SS - Style Pack 1	B2 48 95 89
443963009	81 56 76 1A	che_el_cam_70_pp1v3	Chevrolet El Camino SS - Style Pack 1	B2 48 95 89
2941166076	FC A1 4E AF	che_el_cam_70_pp1v4	Chevrolet El Camino SS - Style Pack 1	B2 48 95 89
809326235	9B 56 3D 30	che_el_cam_70_pp1v5	Chevrolet El Camino SS - Style Pack 1	B2 48 95 89
3829021254	46 3A 3A E4	che_el_cam_70_pp1v6	Chevrolet El Camino SS - Style Pack 1	B2 48 95 89
1924733078	96 18 B9 72	che_el_cam_70_pp1v7	Chevrolet El Camino SS - Style Pack 1	B2 48 95 89
1767121861	C5 23 54 69	che_el_cam_70_pp1v8	Chevrolet El Camino SS - Style Pack 1	B2 48 95 89
3881417741	0D BC 59 E7	che_el_cam_70_pp2v1	Chevrolet El Camino SS - Drag Racing Pack	39 FF F6 2A
1866376703	FF A5 3E 6F	che_el_cam_70_pp2v2	Chevrolet El Camino SS - Drag Racing Pack	39 FF F6 2A
444166878	DE 72 79 1A	che_el_cam_70_pp2v3	Chevrolet El Camino SS - Drag Racing Pack	39 FF F6 2A
2940113587	B3 92 3E AF	che_el_cam_70_pp2v4	Chevrolet El Camino SS - Drag Racing Pack	39 FF F6 2A
1030104292	E4 24 66 3D	che_el_cam_70_pp2v5	Chevrolet El Camino SS - Drag Racing Pack	39 FF F6 2A
3827582295	57 45 24 E4	che_el_cam_70_pp2v6	Chevrolet El Camino SS - Drag Racing Pack	39 FF F6 2A
1925498177	41 C5 C4 72	che_el_cam_70_pp2v7	Chevrolet El Camino SS - Drag Racing Pack	39 FF F6 2A
1766343679	FF 43 48 69	che_el_cam_70_pp2v8	Chevrolet El Camino SS - Drag Racing Pack	39 FF F6 2A
960019312	70 BB 38 39	che_el_cam_70_pp_rare_1	Chevrolet El Camino SS - Signature Edition	4C 1E 71 BE
495760540	9C B4 8C 1D	che_el_cam_70_pp_rival_1	Chevrolet El Camino SS - Signature Edition	89 58 6B 79
1560185875	13 8C FE 5C	che_el_cam_70_pp_rival_2	Chevrolet El Camino SS - Signature Edition	89 58 6B 79
1644473978	7A AE 04 62	che_el_cam_70_pp_rival_3	Chevrolet El Camino SS - Signature Edition	89 58 6B 79
4152999272	68 BD 89 F7	che_el_cam_70_pp_stock_1	Chevrolet El Camino SS	00 00 00 00
2839316226	02 87 3C A9	che_el_cam_70_pp_stock_2	Chevrolet El Camino SS	00 00 00 00
850809204	74 51 B6 32	che_el_cam_70_pp_stock_3	Chevrolet El Camino SS	00 00 00 00
1507013332	D4 32 D3 59	che_el_cam_70_pp_stock_4	Chevrolet El Camino SS	00 00 00 00
2744598914	82 41 97 A3	che_el_cam_70_pp_stock_5	Chevrolet El Camino SS	00 00 00 00
874261196	CC 2A 1C 34	che_el_cam_70_pp_stock_6	Chevrolet El Camino SS	00 00 00 00
1489277057	81 90 C4 58	che_el_cam_70_pp_stock_7	Chevrolet El Camino SS	00 00 00 00
3963367876	C4 31 3C EC	che_el_cam_70_pp_stock_8	Chevrolet El Camino SS	00 00 00 00
2692752245	75 23 80 A0	che_vet_cbn_10	Chevrolet Corvette Z06 Carbon Limited Edition	00 00 00 00
3438866102	B6 EE F8 CC	che_vet_cbn_10_adsales_1	Chevrolet Corvette Z06 Carbon Limited Edition - Signature Edition	E4 FE 0A 09
2240495415	37 3F 8B 85	che_vet_cbn_10_ai_185	Chevrolet Corvette Z06 Carbon Limited Edition	75 23 80 A0
3181021403	DB 88 9A BD	che_vet_cbn_10_ai_214	Chevrolet Corvette Z06 Carbon Limited Edition	75 23 80 A0
53369080	F8 58 2E 03	che_vet_cbn_10_ai_215	Chevrolet Corvette Z06 Carbon Limited Edition	ED 17 53 F7
1237191204	24 0A BE 49	che_vet_cbn_10_ai_232	Chevrolet Corvette Z06 Carbon Limited Edition	75 23 80 A0
3736378497	81 9C B4 DE	che_vet_cbn_10_ai_233	Chevrolet Corvette Z06 Carbon Limited Edition	ED 17 53 F7
4036792314	FA 8F 9C F0	che_vet_cbn_10_ai_250	Chevrolet Corvette Z06 Carbon Limited Edition	F3 79 48 67
656030015	3F 39 1A 27	che_vet_cbn_10_ai_300	Chevrolet Corvette Z06 Carbon Limited Edition	F3 79 48 67
1732803059	F3 79 48 67	che_vet_cbn_10_nfs_e	Chevrolet Corvette Z06 Carbon Limited Edition - NFS Edition	4B 46 F7 DD
1094362110	FE A3 3A 41	che_vet_cbn_10_pp1v1	Chevrolet Corvette Z06 Carbon Limited Edition - Style Pack 1	16 B2 05 90
2808913821	9D 9F 6C A7	che_vet_cbn_10_pp1v2	Chevrolet Corvette Z06 Carbon Limited Edition - Style Pack 1	16 B2 05 90
1688459980	CC DA A3 64	che_vet_cbn_10_pp1v3	Chevrolet Corvette Z06 Carbon Limited Edition - Style Pack 1	16 B2 05 90
491522884	44 0B 4C 1D	che_vet_cbn_10_pp1v4	Chevrolet Corvette Z06 Carbon Limited Edition - Style Pack 1	16 B2 05 90
3321154484	B4 CB F4 C5	che_vet_cbn_10_pp1v5	Chevrolet Corvette Z06 Carbon Limited Edition - Style Pack 1	16 B2 05 90
2618296054	F6 06 10 9C	che_vet_cbn_10_pp1v6	Chevrolet Corvette Z06 Carbon Limited Edition - Style Pack 1	16 B2 05 90
2444298682	BA 09 B1 91	che_vet_cbn_10_pp1v7	Chevrolet Corvette Z06 Carbon Limited Edition - Style Pack 1	16 B2 05 90
877463707	9B 08 4D 34	che_vet_cbn_10_pp1v8	Chevrolet Corvette Z06 Carbon Limited Edition - Style Pack 1	16 B2 05 90
648334064	F0 CA A4 26	che_vet_cbn_10_pp2v1	Chevrolet Corvette Z06 Carbon Limited Edition - Style Pack 2	92 B8 00 B2
3290206363	9B 90 1C C4	che_vet_cbn_10_pp2v2	Chevrolet Corvette Z06 Carbon Limited Edition - Style Pack 2	92 B8 00 B2
229067568	30 4B A7 0D	che_vet_cbn_10_pp2v3	Chevrolet Corvette Z06 Carbon Limited Edition - Style Pack 2	92 B8 00 B2
1021656802	E2 3E E5 3C	che_vet_cbn_10_pp2v4	Chevrolet Corvette Z06 Carbon Limited Edition - Style Pack 2	92 B8 00 B2
1430925716	94 31 4A 55	che_vet_cbn_10_pp2v5	Chevrolet Corvette Z06 Carbon Limited Edition - Style Pack 2	92 B8 00 B2
2515508885	95 9E EF 95	che_vet_cbn_10_pp2v6	Chevrolet Corvette Z06 Carbon Limited Edition - Style Pack 2	92 B8 00 B2
27748810	CA 69 A7 01	che_vet_cbn_10_pp2v7	Chevrolet Corvette Z06 Carbon Limited Edition - Style Pack 2	92 B8 00 B2
3371630636	2C 00 F7 C8	che_vet_cbn_10_pp2v8	Chevrolet Corvette Z06 Carbon Limited Edition - Style Pack 2	92 B8 00 B2
3343401758	1E 43 48 C7	che_vet_cbn_10_pp3v1	Chevrolet Corvette Z06 Carbon Limited Edition - Circuit Racer Pack	ED 17 53 F7
1409547672	98 FD 03 54	che_vet_cbn_10_pp3v2	Chevrolet Corvette Z06 Carbon Limited Edition - Circuit Racer Pack	ED 17 53 F7
3633134231	97 3A 8D D8	che_vet_cbn_10_pp3v3	Chevrolet Corvette Z06 Carbon Limited Edition - Circuit Racer Pack	ED 17 53 F7
1462575299	C3 20 2D 57	che_vet_cbn_10_pp3v4	Chevrolet Corvette Z06 Carbon Limited Edition - Circuit Racer Pack	ED 17 53 F7
2034810173	3D BD 48 79	che_vet_cbn_10_pp3v5	Chevrolet Corvette Z06 Carbon Limited Edition - Circuit Racer Pack	ED 17 53 F7
1498353753	59 10 4F 59	che_vet_cbn_10_pp3v6	Chevrolet Corvette Z06 Carbon Limited Edition - Circuit Racer Pack	ED 17 53 F7
2041002044	3C 38 A7 79	che_vet_cbn_10_pp3v7	Chevrolet Corvette Z06 Carbon Limited Edition - Circuit Racer Pack	ED 17 53 F7
1512197316	C4 4C 22 5A	che_vet_cbn_10_pp3v8	Chevrolet Corvette Z06 Carbon Limited Edition - Circuit Racer Pack	ED 17 53 F7
1289781367	77 80 E0 4C	che_vet_cbn_10_pp_rare_1	Chevrolet Corvette Z06 Carbon Limited Edition - Signature Edition	9A 98 BE 63
1143930682	3A FF 2E 44	che_vet_cbn_10_pp_run	Chevrolet Corvette Z06 Carbon Limited Edition - NFS Edition	DD 66 96 2E
2898082202	9A 39 BD AC	che_vet_cbn_10_pp_stock_1	Chevrolet Corvette Z06 Carbon Limited Edition	00 00 00 00
1496208849	D1 55 2E 59	che_vet_cbn_10_pp_stock_2	Chevrolet Corvette Z06 Carbon Limited Edition	00 00 00 00
1640365151	5F FC C5 61	che_vet_cbn_10_pp_stock_3	Chevrolet Corvette Z06 Carbon Limited Edition	00 00 00 00
528990532	44 C1 87 1F	che_vet_cbn_10_pp_stock_4	Chevrolet Corvette Z06 Carbon Limited Edition	00 00 00 00
1738241368	58 75 9B 67	che_vet_cbn_10_pp_stock_5	Chevrolet Corvette Z06 Carbon Limited Edition	00 00 00 00
3584767292	3C 35 AB D5	che_vet_cbn_10_pp_stock_6	Chevrolet Corvette Z06 Carbon Limited Edition	00 00 00 00
1272413699	03 7E D7 4B	che_vet_cbn_10_pp_stock_7	Chevrolet Corvette Z06 Carbon Limited Edition	00 00 00 00
4167919340	EC 66 6D F8	che_vet_cbn_10_pp_stock_8	Chevrolet Corvette Z06 Carbon Limited Edition	00 00 00 00
1464376845	0D 9E 48 57	che_vet_cbn_10_presale_1	Chevrolet Corvette Z06 Carbon Limited Edition - Signature Edition	C5 1F A0 BF
3790017384	68 13 E7 E1	cop_car_gal_10	Lamborghini Gallardo LP 550-2 Valentino Balboni Police	00 00 00 00
2277310424	D8 FF BC 87	cop_car_gal_10_fed	Lamborghini Gallardo LP 550-2 Valentino Balboni Police	C4 F2 CF 38
3398607118	0E A1 92 CA	cop_car_int_11	Ford PolIce Interceptor	00 00 00 00
3753218205	9D 90 B5 DF	cop_car_int_11_oos	Ford PolIce Interceptor	8D 73 C6 CB
2406259834	7A 9C 6C 8F	cop_car_r35_08	Nissan GT-R (R35) Police	00 00 00 00
2464579457	81 7F E6 92	cop_car_r35_08_stock	Nissan GT-R (R35) Police	FD B8 E2 34
2317819852	CC 1F 27 8A	cop_dod_chr_07	Dodge Charger SRT-8 Police	00 00 00 00
2770944055	37 40 29 A5	cop_dod_chr_07_fed	Dodge Charger SRT-8 Police	7F 7F 29 AD
3225133612	2C A2 3B C0	cop_suv_cay_08	Porsche Cayenne Turbo Police	00 00 00 00
3651093337	59 43 9F D9	dod_cha_rt_71	Dodge Challenger R/T	00 00 00 00
1013798201	39 55 6D 3C	dod_cha_rt_71_ai_011	Dodge Challenger R/T	AD 2C AA 1F
132446852	84 FA E4 07	dod_cha_rt_71_ai_023	Dodge Challenger R/T	AD 2C AA 1F
1161287153	F1 D5 37 45	dod_cha_rt_71_ai_098	Dodge Challenger R/T	AD 2C AA 1F
1894368909	8D C6 E9 70	dod_cha_rt_71_ai_235	Dodge Challenger R/T	AD 2C AA 1F
3481124691	53 BF 7D CF	dod_cha_rt_71_ai_281	Dodge Challenger R/T	AD 2C AA 1F
1350671612	FC 9C 81 50	dod_cha_rt_71_ai_282	Dodge Challenger R/T	AD 2C AA 1F
531246253	AD 2C AA 1F	dod_cha_rt_71_nfs_e	Dodge Challenger R/T - NFS Edition	AD 2C AA 1F
3679737232	90 55 54 DB	dod_cha_rt_71_pp1v1	Dodge Challenger R/T - Style Pack 1	13 04 E8 1F
1252166444	2C 8B A2 4A	dod_cha_rt_71_pp1v2	Dodge Challenger R/T - Style Pack 1	13 04 E8 1F
3900851271	47 44 82 E8	dod_cha_rt_71_pp1v3	Dodge Challenger R/T - Style Pack 1	13 04 E8 1F
1063685932	2C 8F 66 3F	dod_cha_rt_71_pp1v4	Dodge Challenger R/T - Style Pack 1	13 04 E8 1F
3309512688	F0 27 43 C5	dod_cha_rt_71_pp1v5	Dodge Challenger R/T - Style Pack 1	13 04 E8 1F
1020247841	21 BF CF 3C	dod_cha_rt_71_pp1v6	Dodge Challenger R/T - Style Pack 1	13 04 E8 1F
2584959145	A9 58 13 9A	dod_cha_rt_71_pp1v7	Dodge Challenger R/T - Style Pack 1	13 04 E8 1F
3885238718	BE 09 94 E7	dod_cha_rt_71_pp1v8	Dodge Challenger R/T - Style Pack 1	13 04 E8 1F
4214071911	67 A2 2D FB	dod_cha_rt_71_pp2v1	Dodge Challenger R/T - Retro Racer Pack	4B 29 A6 46
2137994581	55 35 6F 7F	dod_cha_rt_71_pp2v2	Dodge Challenger R/T - Retro Racer Pack	4B 29 A6 46
3618386071	97 30 AC D7	dod_cha_rt_71_pp2v3	Dodge Challenger R/T - Retro Racer Pack	4B 29 A6 46
257632106	6A 27 5B 0F	dod_cha_rt_71_pp2v4	Dodge Challenger R/T - Retro Racer Pack	4B 29 A6 46
2197807037	BD DF FF 82	dod_cha_rt_71_pp2v5	Dodge Challenger R/T - Retro Racer Pack	4B 29 A6 46
1848995544	D8 6E 35 6E	dod_cha_rt_71_pp2v6	Dodge Challenger R/T - Retro Racer Pack	4B 29 A6 46
2899476268	2C 7F D2 AC	dod_cha_rt_71_pp2v7	Dodge Challenger R/T - Retro Racer Pack	4B 29 A6 46
3048083011	43 0E AE B5	dod_cha_rt_71_pp2v8	Dodge Challenger R/T - Retro Racer Pack	4B 29 A6 46
658081404	7C 86 39 27	dod_cha_rt_71_pp_stock_1	Dodge Challenger R/T	00 00 00 00
353759425	C1 F0 15 15	dod_cha_rt_71_pp_stock_2	Dodge Challenger R/T	00 00 00 00
897078296	18 54 78 35	dod_cha_rt_71_pp_stock_3	Dodge Challenger R/T	00 00 00 00
904978235	3B DF F0 35	dod_cha_rt_71_pp_stock_4	Dodge Challenger R/T	00 00 00 00
1838233732	84 38 91 6D	dod_cha_rt_71_pp_stock_5	Dodge Challenger R/T	00 00 00 00
2193678947	63 E2 C0 82	dod_cha_rt_71_pp_stock_6	Dodge Challenger R/T	00 00 00 00
1587191578	1A 9F 9A 5E	dod_cha_rt_71_pp_stock_7	Dodge Challenger R/T	00 00 00 00
3371414360	58 B3 F3 C8	dod_cha_rt_71_pp_stock_8	Dodge Challenger R/T	00 00 00 00
2533043608	98 2D FB 96	dod_cha_srt_08	Dodge Challenger SRT-8	00 00 00 00
678390126	6E 69 6F 28	dod_cha_srt_08_adsales_1	Dodge Challenger SRT-8 - Signature Edition	A4 FB 4D 39
445568052	34 D4 8E 1A	dod_cha_srt_08_ai_003	Dodge Challenger SRT-8	AE 00 AC 2A
318359731	B3 C8 F9 12	dod_cha_srt_08_ai_022	Dodge Challenger SRT-8	AE 00 AC 2A
3991513197	6D A8 E9 ED	dod_cha_srt_08_ai_126	Dodge Challenger SRT-8	46 D5 35 B1
2743465600	80 F6 85 A3	dod_cha_srt_08_ai_127	Dodge Challenger SRT-8	46 D5 35 B1
3314643974	06 74 91 C5	dod_cha_srt_08_ai_173	Dodge Challenger SRT-8	63 8D 8E CC
286180983	77 C6 0E 11	dod_cha_srt_08_ai_178	Dodge Challenger SRT-8	63 8D 8E CC
3431894371	63 8D 8E CC	dod_cha_srt_08_nfs_e	Dodge Challenger SRT-8 - NFS Edition	63 8D 8E CC
1508953622	16 CE F0 59	dod_cha_srt_08_pp1v1	Dodge Challenger SRT-8 - Style Pack 1	5E 16 87 1E
2528891039	9F D0 BB 96	dod_cha_srt_08_pp1v2	Dodge Challenger SRT-8 - Style Pack 1	5E 16 87 1E
3175447281	F1 7A 45 BD	dod_cha_srt_08_pp1v3	Dodge Challenger SRT-8 - Style Pack 1	5E 16 87 1E
4099493173	35 4D 59 F4	dod_cha_srt_08_pp1v4	Dodge Challenger SRT-8 - Style Pack 1	5E 16 87 1E
1079772769	61 06 5C 40	dod_cha_srt_08_pp1v5	Dodge Challenger SRT-8 - Style Pack 1	5E 16 87 1E
532773868	EC 7B C1 1F	dod_cha_srt_08_pp1v6	Dodge Challenger SRT-8 - Style Pack 1	5E 16 87 1E
2675967720	E8 06 80 9F	dod_cha_srt_08_pp1v7	Dodge Challenger SRT-8 - Style Pack 1	5E 16 87 1E
955608797	DD 6E F5 38	dod_cha_srt_08_pp1v8	Dodge Challenger SRT-8 - Style Pack 1	5E 16 87 1E
2030725618	F2 69 0A 79	dod_cha_srt_08_pp2v1	Dodge Challenger SRT-8 - Style Pack 2	AE 52 AC CA
3406571243	EB 26 0C CB	dod_cha_srt_08_pp2v2	Dodge Challenger SRT-8 - Style Pack 2	AE 52 AC CA
3524897622	56 AB 19 D2	dod_cha_srt_08_pp2v3	Dodge Challenger SRT-8 - Style Pack 2	AE 52 AC CA
1602649569	E1 7D 86 5F	dod_cha_srt_08_pp2v4	Dodge Challenger SRT-8 - Style Pack 2	AE 52 AC CA
1312845808	F0 6F 40 4E	dod_cha_srt_08_pp2v5	Dodge Challenger SRT-8 - Style Pack 2	AE 52 AC CA
186070587	3B 36 17 0B	dod_cha_srt_08_pp2v6	Dodge Challenger SRT-8 - Style Pack 2	AE 52 AC CA
1056244560	50 03 F5 3E	dod_cha_srt_08_pp2v7	Dodge Challenger SRT-8 - Style Pack 2	AE 52 AC CA
3943755646	7E EF 10 EB	dod_cha_srt_08_pp2v8	Dodge Challenger SRT-8 - Style Pack 2	AE 52 AC CA
3723072512	00 94 E9 DD	dod_cha_srt_08_pp3v1	Dodge Challenger SRT-8 - Retro Racer Pack	88 AE 5D 38
2824601114	1A FE 5B A8	dod_cha_srt_08_pp3v2	Dodge Challenger SRT-8 - Retro Racer Pack	88 AE 5D 38
41240107	2B 46 75 02	dod_cha_srt_08_pp3v3	Dodge Challenger SRT-8 - Retro Racer Pack	88 AE 5D 38
2754212122	1A F1 29 A4	dod_cha_srt_08_pp3v4	Dodge Challenger SRT-8 - Retro Racer Pack	88 AE 5D 38
3370642556	7C EC E7 C8	dod_cha_srt_08_pp3v5	Dodge Challenger SRT-8 - Retro Racer Pack	88 AE 5D 38
4029334028	0C C2 2A F0	dod_cha_srt_08_pp3v6	Dodge Challenger SRT-8 - Retro Racer Pack	88 AE 5D 38
531960730	9A 13 B5 1F	dod_cha_srt_08_pp3v7	Dodge Challenger SRT-8 - Retro Racer Pack	88 AE 5D 38
2337734356	D4 FE 56 8B	dod_cha_srt_08_pp3v8	Dodge Challenger SRT-8 - Retro Racer Pack	88 AE 5D 38
3222777162	4A AD 17 C0	dod_cha_srt_08_pp_stock_1	Dodge Challenger SRT-8	00 00 00 00
2076012005	E5 6D BD 7B	dod_cha_srt_08_pp_stock_2	Dodge Challenger SRT-8	00 00 00 00
2465573750	76 AB F5 92	dod_cha_srt_08_pp_stock_3	Dodge Challenger SRT-8	00 00 00 00
3733569153	81 BE 89 DE	dod_cha_srt_08_pp_stock_4	Dodge Challenger SRT-8	00 00 00 00
4021336161	61 B8 B0 EF	dod_cha_srt_08_pp_stock_5	Dodge Challenger SRT-8	00 00 00 00
1268054485	D5 F9 94 4B	dod_cha_srt_08_pp_stock_6	Dodge Challenger SRT-8	00 00 00 00
1787658266	1A 80 8D 6A	dod_cha_srt_08_pp_stock_7	Dodge Challenger SRT-8	00 00 00 00
548055888	50 AB AA 20	dod_cha_srt_08_pp_stock_8	Dodge Challenger SRT-8	00 00 00 00
242635328	40 52 76 0E	dod_chr_taxi_player	Dodge Charger SRT-8 - Signature Edition	83 E0 DC 3A
3948928930	A2 DF 5F EB	for_foc_rs_10	Ford Focus RS	00 00 00 00
3394572208	B0 0F 55 CA	for_foc_rs_10_ai_087	Ford Focus RS	75 BE 8D 9F
2173299523	43 EB 89 81	for_foc_rs_10_ai_102	Ford Focus RS	75 BE 8D 9F
3696810700	CC DA 58 DC	for_foc_rs_10_ai_111	Ford Focus RS	75 BE 8D 9F
724415120	90 B2 2D 2B	for_foc_rs_10_ai_150	Ford Focus RS	75 BE 8D 9F
1090569950	DE C6 00 41	for_foc_rs_10_ai_236	Ford Focus RS	75 BE 8D 9F
224517341	DD DC 61 0D	for_foc_rs_10_nfs_e	Ford Focus RS - NFS Edition	75 BE 8D 9F
3857115355	DB E8 E6 E5	for_foc_rs_10_pp1v1	Ford Focus RS - Style Pack 1	36 5E 72 C4
1654405316	C4 38 9C 62	for_foc_rs_10_pp1v2	Ford Focus RS - Style Pack 1	36 5E 72 C4
390418946	02 52 45 17	for_foc_rs_10_pp1v3	Ford Focus RS - Style Pack 1	36 5E 72 C4
2458324892	9C 0F 87 92	for_foc_rs_10_pp1v4	Ford Focus RS - Style Pack 1	36 5E 72 C4
2221233881	D9 56 65 84	for_foc_rs_10_pp1v5	Ford Focus RS - Style Pack 1	36 5E 72 C4
5886596	84 D2 59 00	for_foc_rs_10_pp1v6	Ford Focus RS - Style Pack 1	36 5E 72 C4
1259645323	8B A9 14 4B	for_foc_rs_10_pp1v7	Ford Focus RS - Style Pack 1	36 5E 72 C4
1475256620	2C A1 EE 57	for_foc_rs_10_pp1v8	Ford Focus RS - Style Pack 1	36 5E 72 C4
938146008	D8 F8 EA 37	for_foc_rs_10_pp2v1	Ford Focus RS - Tuner Pack	24 88 4F C5
533641393	B1 B8 CE 1F	for_foc_rs_10_pp2v2	Ford Focus RS - Tuner Pack	24 88 4F C5
3516487406	EE 56 99 D1	for_foc_rs_10_pp2v3	Ford Focus RS - Tuner Pack	24 88 4F C5
2454307028	D4 C0 49 92	for_foc_rs_10_pp2v4	Ford Focus RS - Tuner Pack	24 88 4F C5
1235409338	BA D9 A2 49	for_foc_rs_10_pp2v5	Ford Focus RS - Tuner Pack	24 88 4F C5
7557402	1A 51 73 00	for_foc_rs_10_pp2v6	Ford Focus RS - Tuner Pack	24 88 4F C5
288567603	33 31 33 11	for_foc_rs_10_pp2v7	Ford Focus RS - Tuner Pack	24 88 4F C5
1473122856	28 12 CE 57	for_foc_rs_10_pp2v8	Ford Focus RS - Tuner Pack	24 88 4F C5
3083337156	C4 FD C7 B7	for_foc_rs_10_pp3v1	Ford Focus RS - Racer Pack	40 34 D3 E1
1206613802	2A 77 EB 47	for_foc_rs_10_pp3v2	Ford Focus RS - Racer Pack	40 34 D3 E1
1120131142	46 D8 C3 42	for_foc_rs_10_pp3v3	Ford Focus RS - Racer Pack	40 34 D3 E1
439327682	C2 9B 2F 1A	for_foc_rs_10_pp3v4	Ford Focus RS - Racer Pack	40 34 D3 E1
1173040503	77 2D EB 45	for_foc_rs_10_pp3v5	Ford Focus RS - Racer Pack	40 34 D3 E1
3248936855	97 D7 A6 C1	for_foc_rs_10_pp3v6	Ford Focus RS - Racer Pack	40 34 D3 E1
497917033	69 9C AD 1D	for_foc_rs_10_pp3v7	Ford Focus RS - Racer Pack	40 34 D3 E1
1649631085	6D 5F 53 62	for_foc_rs_10_pp3v8	Ford Focus RS - Racer Pack	40 34 D3 E1
699181181	7D A8 AC 29	for_foc_rs_10_pp_rare_1	Ford Focus RS - Signature Edition	7D 6B A7 0C
1591789701	85 C8 E0 5E	for_foc_rs_10_pp_run	Ford Focus RS - NFS Edition	75 BE 8D 9F
752538996	74 D5 DA 2C	for_foc_rs_10_pp_stock_1	Ford Focus RS	00 00 00 00
2322120291	63 BE 68 8A	for_foc_rs_10_pp_stock_2	Ford Focus RS	00 00 00 00
1795871236	04 D2 0A 6B	for_foc_rs_10_pp_stock_3	Ford Focus RS	00 00 00 00
745559846	26 57 70 2C	for_foc_rs_10_pp_stock_4	Ford Focus RS	00 00 00 00
3082962042	7A 44 C2 B7	for_foc_rs_10_pp_stock_5	Ford Focus RS	00 00 00 00
1857142241	E1 BD B1 6E	for_foc_rs_10_pp_stock_6	Ford Focus RS	00 00 00 00
4072045797	E5 7C B6 F2	for_foc_rs_10_pp_stock_7	Ford Focus RS	00 00 00 00
1694150132	F4 AD FA 64	for_foc_rs_10_pp_stock_8	Ford Focus RS	00 00 00 00
2917614844	FC 44 E7 AD	for_gt_stk_06	Ford GT	00 00 00 00
2224367004	9C 25 95 84	for_gt_stk_06_adsales_1	Ford GT - Signature Edition	A2 6B 8E 8F
2911404618	4A 82 88 AD	for_gt_stk_06_ai_189	Ford GT	FC 44 E7 AD
3268712543	5F 98 D4 C2	for_gt_stk_06_ai_202	Ford GT	12 72 B5 2A
435948855	37 0D FC 19	for_gt_stk_06_ai_226	Ford GT	57 38 95 0F
1732090001	91 98 3D 67	for_gt_stk_06_ai_246	Ford GT	C0 FA 63 8F
343400313	79 DF 77 14	for_gt_stk_06_ai_247	Ford GT	C0 FA 63 8F
1588264861	9D FF AA 5E	for_gt_stk_06_nfs_e	Ford GT - NFS Edition	9D FF AA 5E
3350773245	FD BD B8 C7	for_gt_stk_06_pp1v1	Ford GT - Style Pack 1	12 72 B5 2A
1175221798	26 76 0C 46	for_gt_stk_06_pp1v2	Ford GT - Style Pack 1	12 72 B5 2A
2937226609	71 85 12 AF	for_gt_stk_06_pp1v3	Ford GT - Style Pack 1	12 72 B5 2A
111301966	4E 55 A2 06	for_gt_stk_06_pp1v4	Ford GT - Style Pack 1	12 72 B5 2A
4018693021	9D 63 88 EF	for_gt_stk_06_pp1v5	Ford GT - Style Pack 1	12 72 B5 2A
2633289072	70 CD F4 9C	for_gt_stk_06_pp1v6	Ford GT - Style Pack 1	12 72 B5 2A
2720742699	2B 3D 2B A2	for_gt_stk_06_pp1v7	Ford GT - Style Pack 1	12 72 B5 2A
3341126204	3C 8A 25 C7	for_gt_stk_06_pp1v8	Ford GT - Style Pack 1	12 72 B5 2A
648100069	E5 38 A1 26	for_gt_stk_06_pp2v1	Ford GT - Circuit Racer Pack	57 38 95 0F
3509426247	47 98 2D D1	for_gt_stk_06_pp2v2	Ford GT - Circuit Racer Pack	57 38 95 0F
513541419	2B 05 9C 1E	for_gt_stk_06_pp2v3	Ford GT - Circuit Racer Pack	57 38 95 0F
2347611717	45 B6 ED 8B	for_gt_stk_06_pp2v4	Ford GT - Circuit Racer Pack	57 38 95 0F
935297120	60 80 BF 37	for_gt_stk_06_pp2v5	Ford GT - Circuit Racer Pack	57 38 95 0F
164293821	BD EC CA 09	for_gt_stk_06_pp2v6	Ford GT - Circuit Racer Pack	57 38 95 0F
1690649669	45 44 C5 64	for_gt_stk_06_pp2v7	Ford GT - Circuit Racer Pack	57 38 95 0F
2163329723	BB CA F1 80	for_gt_stk_06_pp2v8	Ford GT - Circuit Racer Pack	57 38 95 0F
1444633056	E0 59 1B 56	for_gt_stk_06_pp_rare_1	Ford GT - Signature Edition	F1 E7 A4 5B
3485803844	44 25 C5 CF	for_gt_stk_06_pp_stock_1	Ford GT	00 00 00 00
3209079929	79 AC 46 BF	for_gt_stk_06_pp_stock_2	Ford GT	00 00 00 00
3656471801	F9 54 F1 D9	for_gt_stk_06_pp_stock_3	Ford GT	00 00 00 00
1015004538	7A BD 7F 3C	for_gt_stk_06_pp_stock_4	Ford GT	00 00 00 00
1166891482	DA 59 8D 45	for_gt_stk_06_pp_stock_5	Ford GT	00 00 00 00
1089384316	7C AF EE 40	for_gt_stk_06_pp_stock_6	Ford GT	00 00 00 00
1478755400	48 04 24 58	for_gt_stk_06_pp_stock_7	Ford GT	00 00 00 00
2351838632	A8 35 2E 8C	for_gt_stk_06_pp_stock_8	Ford GT	00 00 00 00
2640214240	E0 78 5E 9D	for_mus_302_69	Ford Mustang Boss 302 (1969)	00 00 00 00
268766097	91 0B 05 10	for_mus_302_69_adsales_1	Ford Mustang Boss 302 (1969)	5A 35 E3 7D
28547989	95 9B B3 01	for_mus_302_69_ai_103	Ford Mustang Boss 302 (1969)	A3 E8 FF AC
3592138099	73 AD 1B D6	for_mus_302_69_ai_112	Ford Mustang Boss 302 (1969)	A3 E8 FF AC
659679187	D3 E7 51 27	for_mus_302_69_ai_283	Ford Mustang Boss 302 (1969)	A3 E8 FF AC
1106812868	C4 9F F8 41	for_mus_302_69_ai_284	Ford Mustang Boss 302 (1969)	A3 E8 FF AC
2902452387	A3 E8 FF AC	for_mus_302_69_nfs_e	Ford Mustang Boss 302 (1969)	A3 E8 FF AC
1063469671	67 42 63 3F	for_mus_302_69_pp1v1	Ford Mustang Boss 302 (1969) - Style Pack 1	71 21 CA FD
584464136	08 37 D6 22	for_mus_302_69_pp1v2	Ford Mustang Boss 302 (1969) - Style Pack 1	71 21 CA FD
641952720	D0 6B 43 26	for_mus_302_69_pp1v3	Ford Mustang Boss 302 (1969) - Style Pack 1	71 21 CA FD
1906183202	22 0C 9E 71	for_mus_302_69_pp1v4	Ford Mustang Boss 302 (1969) - Style Pack 1	71 21 CA FD
1710366450	F2 1E F2 65	for_mus_302_69_pp1v5	Ford Mustang Boss 302 (1969) - Style Pack 1	71 21 CA FD
1755707261	7D F7 A5 68	for_mus_302_69_pp1v6	Ford Mustang Boss 302 (1969) - Style Pack 1	71 21 CA FD
1450737518	6E 7F 78 56	for_mus_302_69_pp1v7	Ford Mustang Boss 302 (1969) - Style Pack 1	71 21 CA FD
3898373130	0A 74 5C E8	for_mus_302_69_pp1v8	Ford Mustang Boss 302 (1969) - Style Pack 1	71 21 CA FD
3578160804	A4 66 46 D5	for_mus_302_69_pp2v1	Ford Mustang Boss 302 (1969) - Retro Racer Pack	8D 57 77 F2
3279219555	63 EB 74 C3	for_mus_302_69_pp2v2	Ford Mustang Boss 302 (1969) - Retro Racer Pack	8D 57 77 F2
2985510403	03 46 F3 B1	for_mus_302_69_pp2v3	Ford Mustang Boss 302 (1969) - Retro Racer Pack	8D 57 77 F2
2600607049	49 1D 02 9B	for_mus_302_69_pp2v4	Ford Mustang Boss 302 (1969) - Retro Racer Pack	8D 57 77 F2
3821591088	30 DA C8 E3	for_mus_302_69_pp2v5	Ford Mustang Boss 302 (1969) - Retro Racer Pack	8D 57 77 F2
1988328761	39 7D 83 76	for_mus_302_69_pp2v6	Ford Mustang Boss 302 (1969) - Retro Racer Pack	8D 57 77 F2
1433283390	3E 2B 6E 55	for_mus_302_69_pp2v7	Ford Mustang Boss 302 (1969) - Retro Racer Pack	8D 57 77 F2
3650460750	4E 9C 95 D9	for_mus_302_69_pp2v8	Ford Mustang Boss 302 (1969) - Retro Racer Pack	8D 57 77 F2
1500183094	36 FA 6A 59	for_mus_302_69_pp_stock_1	Ford Mustang Boss 302 (1969)	00 00 00 00
162166122	6A 75 AA 09	for_mus_302_69_pp_stock_2	Ford Mustang Boss 302 (1969)	00 00 00 00
161538668	6C E2 A0 09	for_mus_302_69_pp_stock_3	Ford Mustang Boss 302 (1969)	00 00 00 00
2191334224	50 1B 9D 82	for_mus_302_69_pp_stock_4	Ford Mustang Boss 302 (1969)	00 00 00 00
3348852928	C0 70 9B C7	for_mus_302_69_pp_stock_5	Ford Mustang Boss 302 (1969)	00 00 00 00
2138722167	77 4F 7A 7F	for_mus_302_69_pp_stock_6	Ford Mustang Boss 302 (1969)	00 00 00 00
3095976600	98 DA 88 B8	for_mus_302_69_pp_stock_7	Ford Mustang Boss 302 (1969)	00 00 00 00
3713352339	93 42 55 DD	for_mus_302_69_pp_stock_8	Ford Mustang Boss 302 (1969)	00 00 00 00
2758255611	FB A3 67 A4	for_mus_bos_12	Ford Mustang Boss 302	00 00 00 00
3045319024	70 E1 83 B5	for_mus_bos_12_ai_082	Ford Mustang Boss 302	DE 26 11 F3
3145508557	CD A6 7C BB	for_mus_bos_12_ai_138	Ford Mustang Boss 302	DE 26 11 F3
1179843585	01 FC 52 46	for_mus_bos_12_ai_139	Ford Mustang Boss 302	DE 26 11 F3
1926429425	F1 FA D2 72	for_mus_bos_12_ai_188	Ford Mustang Boss 302	DE 26 11 F3
3759721302	56 CB 18 E0	for_mus_bos_12_pp1v1	Ford Mustang Boss 302 - Style Pack 1	A4 04 24 22
3720534861	4D DB C2 DD	for_mus_bos_12_pp1v2	Ford Mustang Boss 302 - Style Pack 1	A4 04 24 22
2385683520	40 A4 32 8E	for_mus_bos_12_pp1v3	Ford Mustang Boss 302 - Style Pack 1	A4 04 24 22
140815834	DA AD 64 08	for_mus_bos_12_pp1v4	Ford Mustang Boss 302 - Style Pack 1	A4 04 24 22
1308965489	71 3A 05 4E	for_mus_bos_12_pp1v5	Ford Mustang Boss 302 - Style Pack 1	A4 04 24 22
1221809540	84 55 D3 48	for_mus_bos_12_pp1v6	Ford Mustang Boss 302 - Style Pack 1	A4 04 24 22
3241167484	7C 4A 30 C1	for_mus_bos_12_pp1v7	Ford Mustang Boss 302 - Style Pack 1	A4 04 24 22
3670767971	63 79 CB DA	for_mus_bos_12_pp1v8	Ford Mustang Boss 302 - Style Pack 1	A4 04 24 22
3035683111	27 D9 F0 B4	for_mus_bos_12_pp2v1	Ford Mustang Boss 302 - Style Pack 2	5E E8 C4 2F
307691474	D2 FF 56 12	for_mus_bos_12_pp2v2	Ford Mustang Boss 302 - Style Pack 2	5E E8 C4 2F
159189073	51 08 7D 09	for_mus_bos_12_pp2v3	Ford Mustang Boss 302 - Style Pack 2	5E E8 C4 2F
4001529179	5B 7D 82 EE	for_mus_bos_12_pp2v4	Ford Mustang Boss 302 - Style Pack 2	5E E8 C4 2F
2744701810	72 D3 98 A3	for_mus_bos_12_pp2v5	Ford Mustang Boss 302 - Style Pack 2	5E E8 C4 2F
3565616175	2F FC 86 D4	for_mus_bos_12_pp2v6	Ford Mustang Boss 302 - Style Pack 2	5E E8 C4 2F
2473802030	2E 39 73 93	for_mus_bos_12_pp2v7	Ford Mustang Boss 302 - Style Pack 2	5E E8 C4 2F
3079719505	51 CA 90 B7	for_mus_bos_12_pp2v8	Ford Mustang Boss 302 - Style Pack 2	5E E8 C4 2F
2677866141	9D FE 9C 9F	for_mus_bos_12_pp3v1	Ford Mustang Boss 302 - Track Day Racer Pack	BC 23 14 A0
3353404568	98 E4 E0 C7	for_mus_bos_12_pp3v2	Ford Mustang Boss 302 - Track Day Racer Pack	BC 23 14 A0
2589015554	02 3E 51 9A	for_mus_bos_12_pp3v3	Ford Mustang Boss 302 - Track Day Racer Pack	BC 23 14 A0
2802089094	86 7C 04 A7	for_mus_bos_12_pp3v4	Ford Mustang Boss 302 - Track Day Racer Pack	BC 23 14 A0
3927638704	B0 02 1B EA	for_mus_bos_12_pp3v5	Ford Mustang Boss 302 - Track Day Racer Pack	BC 23 14 A0
3463177143	B7 E3 6B CE	for_mus_bos_12_pp3v6	Ford Mustang Boss 302 - Track Day Racer Pack	BC 23 14 A0
1670194214	26 24 8D 63	for_mus_bos_12_pp3v7	Ford Mustang Boss 302 - Track Day Racer Pack	BC 23 14 A0
95762217	29 37 B5 05	for_mus_bos_12_pp3v8	Ford Mustang Boss 302 - Track Day Racer Pack	BC 23 14 A0
4214528836	44 9B 34 FB	for_mus_bos_12_pp_rare_1	Ford Mustang Boss 302 - Signature Edition	9C 3D 18 F1
1568490548	34 44 7D 5D	for_mus_bos_12_pp_stock_1	Ford Mustang Boss 302	00 00 00 00
2772402355	B3 80 3F A5	for_mus_bos_12_pp_stock_2	Ford Mustang Boss 302	00 00 00 00
3001584993	61 8D E8 B2	for_mus_bos_12_pp_stock_3	Ford Mustang Boss 302	00 00 00 00
2481102701	6D 9F E2 93	for_mus_bos_12_pp_stock_4	Ford Mustang Boss 302	00 00 00 00
1187692468	B4 BF CA 46	for_mus_bos_12_pp_stock_5	Ford Mustang Boss 302	00 00 00 00
274177990	C6 9F 57 10	for_mus_bos_12_pp_stock_6	Ford Mustang Boss 302	00 00 00 00
4060775983	2F 86 0A F2	for_mus_bos_12_pp_stock_7	Ford Mustang Boss 302	00 00 00 00
3897385587	73 62 4D E8	for_mus_bos_12_pp_stock_8	Ford Mustang Boss 302	00 00 00 00
4115342534	C6 24 4B F5	for_mus_bos_12_presale_1	Ford Mustang Boss 302 - Signature Edition	DE 26 11 F3
2593918134	B6 0C 9C 9A	for_mus_rtr_12	Ford Mustang RTR	00 00 00 00
1133916393	E9 30 96 43	for_mus_rtr_12_ai_097	Ford Mustang RTR	1D 2B D1 95
86544611	E3 90 28 05	for_mus_rtr_12_ai_109	Ford Mustang RTR	1D 2B D1 95
2543371384	78 C4 98 97	for_mus_rtr_12_ai_147	Ford Mustang RTR	1D 2B D1 95
1045718471	C7 65 54 3E	for_mus_rtr_12_ai_205	Ford Mustang RTR	1D 2B D1 95
547840956	BC 63 A7 20	for_mus_rtr_12_ai_251	Ford Mustang RTR	1D 2B D1 95
1072466937	F9 8B EC 3F	for_mus_rtr_12_pp1v1	Ford Mustang RTR - RTR:C Pack	A5 B1 76 AB
2965933435	7B 8D C8 B0	for_mus_rtr_12_pp_stock_1	Ford Mustang RTR	00 00 00 00
1313794053	05 E8 4E 4E	for_mus_rtr_12_pp_stock_2	Ford Mustang RTR	00 00 00 00
2049946183	47 B2 2F 7A	for_mus_rtr_12_pp_stock_3	Ford Mustang RTR	00 00 00 00
2726370297	F9 1B 81 A2	for_mus_rtr_12_pp_stock_4	Ford Mustang RTR	00 00 00 00
3554682720	60 27 E0 D3	for_mus_rtr_12_pp_stock_5	Ford Mustang RTR	00 00 00 00
176467627	AB AE 84 0A	for_mus_rtr_12_pp_stock_6	Ford Mustang RTR	00 00 00 00
3984629468	DC 9E 80 ED	for_mus_rtr_12_pp_stock_7	Ford Mustang RTR	00 00 00 00
2044319001	19 D5 D9 79	for_mus_rtr_12_pp_stock_8	Ford Mustang RTR	00 00 00 00
3256513417	89 73 1A C2	for_must_rtr_12_nfs_e	Ford Mustang RTR - NFS Edition	1D 2B D1 95
2658218178	C2 30 71 9E	for_pol_int_11	Ford PolIce Interceptor	00 00 00 00
2164596472	F8 1E 05 81	for_pol_int_11_ai	Ford PolIce Interceptor	F8 1E 05 81
3947602234	3A A1 4B EB	for_pol_int_11_cop	Ford PolIce Interceptor	C2 30 71 9E
3741623632	50 A5 04 DF	for_pol_int_11_escape	Ford PolIce Interceptor	C2 30 71 9E
1558783374	8E 25 E9 5C	for_pol_int_11_fed	Ford PolIce Interceptor	F8 1E 05 81
1608446469	05 F2 DE 5F	for_rtr_x_69	Ford Mustang RXR-X (1969)	00 00 00 00
570367103	7F 1C FF 21	for_rtr_x_69_ai_249	Ford Mustang RXR-X (1969) - Signature Edition	05 F2 DE 5F
4293211659	0B 36 E5 FF	for_rtr_x_69_pp1v1	Ford Mustang RXR-X (1969) - Signature Edition	B8 FC 35 90
3675475195	FB 4C 13 DB	for_vic_taxi_player	Ford Crown Victoria - Sigtanure Edition	79 FB 05 0B
232523662	8E 07 DC 0D	gum_apo_s_11	Gumpert Apollo S	00 00 00 00
2604599393	61 08 3F 9B	gum_apo_s_11_pp1v1	Gumpert Apollo S - Style Pack 1	C9 A2 62 43
1428535737	B9 B9 25 55	gum_apo_s_11_pp1v2	Gumpert Apollo S - Style Pack 1	C9 A2 62 43
1269182954	EA 31 A6 4B	gum_apo_s_11_pp1v3	Gumpert Apollo S - Style Pack 1	C9 A2 62 43
3445163782	06 07 59 CD	gum_apo_s_11_pp1v4	Gumpert Apollo S - Style Pack 1	C9 A2 62 43
1267634863	AF 92 8E 4B	gum_apo_s_11_pp1v5	Gumpert Apollo S - Style Pack 1	C9 A2 62 43
1972342918	86 90 8F 75	gum_apo_s_11_pp1v6	Gumpert Apollo S - Style Pack 1	C9 A2 62 43
2708126175	DF B9 6A A1	gum_apo_s_11_pp1v7	Gumpert Apollo S - Style Pack 1	C9 A2 62 43
2599136713	C9 AD EB 9A	gum_apo_s_11_pp1v8	Gumpert Apollo S - Style Pack 1	C9 A2 62 43
4194888242	32 EA 08 FA	gum_apo_s_11_pp_stock_1	Gumpert Apollo S	00 00 00 00
2929300545	41 94 99 AE	gum_apo_s_11_pp_stock_2	Gumpert Apollo S	00 00 00 00
3513026456	98 87 64 D1	gum_apo_s_11_pp_stock_3	Gumpert Apollo S	00 00 00 00
2656167781	65 E7 51 9E	gum_apo_s_11_pp_stock_4	Gumpert Apollo S	00 00 00 00
1027466826	4A E6 3D 3D	gum_apo_s_11_pp_stock_5	Gumpert Apollo S	00 00 00 00
3035566623	1F 12 EF B4	gum_apo_s_11_pp_stock_6	Gumpert Apollo S	00 00 00 00
2448020030	3E D2 E9 91	gum_apo_s_11_pp_stock_7	Gumpert Apollo S	00 00 00 00
1169312998	E6 4C B2 45	gum_apo_s_11_pp_stock_8	Gumpert Apollo S	00 00 00 00
1465072808	A8 3C 53 57	hen_ven_gt_11	Heynessey Venom GT	00 00 00 00
1532349533	5D CC 55 5B	hen_ven_gt_11_pp1v1	Heynessey Venom GT - Style Pack 1	B9 D5 89 4C
1612734426	DA 5F 20 60	hen_ven_gt_11_pp1v2	Heynessey Venom GT - Style Pack 1	B9 D5 89 4C
1350165957	C5 E5 79 50	hen_ven_gt_11_pp1v3	Heynessey Venom GT - Style Pack 1	B9 D5 89 4C
3838522613	F5 34 CB E4	hen_ven_gt_11_pp1v4	Heynessey Venom GT - Style Pack 1	B9 D5 89 4C
3126269201	11 15 57 BA	hen_ven_gt_11_pp1v5	Heynessey Venom GT - Style Pack 1	B9 D5 89 4C
2902535361	C1 2C 01 AD	hen_ven_gt_11_pp1v6	Heynessey Venom GT - Style Pack 1	B9 D5 89 4C
42442522	1A 9F 87 02	hen_ven_gt_11_pp1v7	Heynessey Venom GT - Style Pack 1	B9 D5 89 4C
284782573	ED 6F F9 10	hen_ven_gt_11_pp1v8	Heynessey Venom GT - Style Pack 1	B9 D5 89 4C
1889692556	8C 6B A2 70	hen_ven_gt_11_pp_stock_1	Heynessey Venom GT	00 00 00 00
2875939421	5D 5A 6B AB	hen_ven_gt_11_pp_stock_2	Heynessey Venom GT	00 00 00 00
1843403582	3E 1B E0 6D	hen_ven_gt_11_pp_stock_3	Heynessey Venom GT	00 00 00 00
1559471646	1E A6 F3 5C	hen_ven_gt_11_pp_stock_4	Heynessey Venom GT	00 00 00 00
1293973268	14 77 20 4D	hen_ven_gt_11_pp_stock_5	Heynessey Venom GT	00 00 00 00
1435683144	48 C9 92 55	hen_ven_gt_11_pp_stock_6	Heynessey Venom GT	00 00 00 00
2573564796	7C 7B 65 99	hen_ven_gt_11_pp_stock_7	Heynessey Venom GT	00 00 00 00
2334641747	53 CE 27 8B	hen_ven_gt_11_pp_stock_8	Heynessey Venom GT	00 00 00 00
362019262	BE F9 93 15	koe_age_r_11	Koenigsegg Agera R	00 00 00 00
450562262	D6 08 DB 1A	koe_age_r_11_pp1v1	Koenigsegg Agera R - Style Pack 1	88 D5 B8 9A
3174728285	5D 82 3A BD	koe_age_r_11_pp1v2	Koenigsegg Agera R - Style Pack 1	88 D5 B8 9A
3125779387	BB 9B 4F BA	koe_age_r_11_pp1v3	Koenigsegg Agera R - Style Pack 1	88 D5 B8 9A
3260662067	33 C1 59 C2	koe_age_r_11_pp1v4	Koenigsegg Agera R - Style Pack 1	88 D5 B8 9A
132303528	A8 CA E2 07	koe_age_r_11_pp1v5	Koenigsegg Agera R - Style Pack 1	88 D5 B8 9A
3392822886	66 5E 3A CA	koe_age_r_11_pp1v6	Koenigsegg Agera R - Style Pack 1	88 D5 B8 9A
4175699004	3C 1C E4 F8	koe_age_r_11_pp1v7	Koenigsegg Agera R - Style Pack 1	88 D5 B8 9A
1147481775	AF 2E 65 44	koe_age_r_11_pp1v8	Koenigsegg Agera R - Style Pack 1	88 D5 B8 9A
938384918	16 9E EE 37	koe_age_r_11_pp_stock_1	Koenigsegg Agera R	00 00 00 00
3882992039	A7 C1 71 E7	koe_age_r_11_pp_stock_2	Koenigsegg Agera R	00 00 00 00
1371105745	D1 69 B9 51	koe_age_r_11_pp_stock_3	Koenigsegg Agera R	00 00 00 00
2626688083	53 14 90 9C	koe_age_r_11_pp_stock_4	Koenigsegg Agera R	00 00 00 00
1231578851	E3 66 68 49	koe_age_r_11_pp_stock_5	Koenigsegg Agera R	00 00 00 00
3884005823	BF 39 81 E7	koe_age_r_11_pp_stock_6	Koenigsegg Agera R	00 00 00 00
789750505	E9 A2 12 2F	koe_age_r_11_pp_stock_7	Koenigsegg Agera R	00 00 00 00
4215073769	E9 EB 3C FB	koe_age_r_11_pp_stock_8	Koenigsegg Agera R	00 00 00 00
161887161	B9 33 A6 09	lam_ave_700_12	Lamborghini Aventador LP 700-4	00 00 00 00
2113738580	54 17 FD 7D	lam_ave_700_12_ai_264	Lamborghini Aventador LP 700-4	B9 33 A6 09
1630069578	4A E3 28 61	lam_ave_700_12_pp1v1	Lamborghini Aventador LP 700-4 - Style Pack 1	A4 D0 8C 2F
1893492524	2C 67 DC 70	lam_ave_700_12_pp1v2	Lamborghini Aventador LP 700-4 - Style Pack 1	A4 D0 8C 2F
2320472582	06 9A 4F 8A	lam_ave_700_12_pp1v3	Lamborghini Aventador LP 700-4 - Style Pack 1	A4 D0 8C 2F
1033194420	B4 4B 95 3D	lam_ave_700_12_pp1v4	Lamborghini Aventador LP 700-4 - Style Pack 1	A4 D0 8C 2F
3418403022	CE B0 C0 CB	lam_ave_700_12_pp1v5	Lamborghini Aventador LP 700-4 - Style Pack 1	A4 D0 8C 2F
3911160656	50 93 1F E9	lam_ave_700_12_pp1v6	Lamborghini Aventador LP 700-4 - Style Pack 1	A4 D0 8C 2F
2473793792	00 19 73 93	lam_ave_700_12_pp1v7	Lamborghini Aventador LP 700-4 - Style Pack 1	A4 D0 8C 2F
3114695091	B3 79 A6 B9	lam_ave_700_12_pp1v8	Lamborghini Aventador LP 700-4 - Style Pack 1	A4 D0 8C 2F
871581221	25 46 F3 33	lam_ave_700_12_pp2v1	Lamborghini Aventador LP 700-4 - Super Fast Pack	1C A7 BE EE
2858063602	F2 96 5A AA	lam_ave_700_12_pp2v2	Lamborghini Aventador LP 700-4 - Super Fast Pack	1C A7 BE EE
627541664	A0 86 67 25	lam_ave_700_12_pp2v3	Lamborghini Aventador LP 700-4 - Super Fast Pack	1C A7 BE EE
4249870811	DB E1 4F FD	lam_ave_700_12_pp2v4	Lamborghini Aventador LP 700-4 - Super Fast Pack	1C A7 BE EE
2456766280	48 47 6F 92	lam_ave_700_12_pp2v5	Lamborghini Aventador LP 700-4 - Super Fast Pack	1C A7 BE EE
4269161378	A2 3B 76 FE	lam_ave_700_12_pp2v6	Lamborghini Aventador LP 700-4 - Super Fast Pack	1C A7 BE EE
1418212893	1D 36 88 54	lam_ave_700_12_pp2v7	Lamborghini Aventador LP 700-4 - Super Fast Pack	1C A7 BE EE
961451823	2F 97 4E 39	lam_ave_700_12_pp2v8	Lamborghini Aventador LP 700-4 - Super Fast Pack	1C A7 BE EE
2196261666	22 4B E8 82	lam_ave_700_12_pp_run	Lamborghini Aventador LP 700-4 - NFS Edition	89 3F 57 91
228156588	AC 64 99 0D	lam_ave_700_12_pp_stock_1	Lamborghini Aventador LP 700-4	00 00 00 00
2629373704	08 0F B9 9C	lam_ave_700_12_pp_stock_2	Lamborghini Aventador LP 700-4	00 00 00 00
3963234612	34 29 3A EC	lam_ave_700_12_pp_stock_3	Lamborghini Aventador LP 700-4	00 00 00 00
2534942175	DF 25 18 97	lam_ave_700_12_pp_stock_4	Lamborghini Aventador LP 700-4	00 00 00 00
1033287156	F4 B5 96 3D	lam_ave_700_12_pp_stock_5	Lamborghini Aventador LP 700-4	00 00 00 00
1605709038	EE 2C B5 5F	lam_ave_700_12_pp_stock_6	Lamborghini Aventador LP 700-4	B9 33 A6 09
1956113471	3F EC 97 74	lam_ave_700_12_pp_stock_7	Lamborghini Aventador LP 700-4	00 00 00 00
3262842592	E0 06 7B C2	lam_ave_700_12_pp_stock_8	Lamborghini Aventador LP 700-4	00 00 00 00
518069612	6C 1D E1 1E	lam_cou_qv_85	Lamborghini Countach 500 quattrovalvole	00 00 00 00
1172103469	2D E1 DC 45	lam_cou_qv_85_pp1v1	Lamborghini Countach 500 quattrovalvole - Aero Pack	85 A8 EB 8B
2451355498	6A B7 1C 92	lam_cou_qv_85_pp1v2	Lamborghini Countach 500 quattrovalvole - Aero Pack	85 A8 EB 8B
2781095708	1C 27 C4 A5	lam_cou_qv_85_pp1v3	Lamborghini Countach 500 quattrovalvole - Aero Pack	85 A8 EB 8B
3467847697	11 28 B3 CE	lam_cou_qv_85_pp1v4	Lamborghini Countach 500 quattrovalvole - Aero Pack	85 A8 EB 8B
1593723259	7B 49 FE 5E	lam_cou_qv_85_pp1v5	Lamborghini Countach 500 quattrovalvole - Aero Pack	85 A8 EB 8B
3047790893	2D 99 A9 B5	lam_cou_qv_85_pp1v6	Lamborghini Countach 500 quattrovalvole - Aero Pack	85 A8 EB 8B
3597627020	8C 6E 6F D6	lam_cou_qv_85_pp1v7	Lamborghini Countach 500 quattrovalvole - Aero Pack	85 A8 EB 8B
548968206	0E 97 B8 20	lam_cou_qv_85_pp1v8	Lamborghini Countach 500 quattrovalvole - Aero Pack	85 A8 EB 8B
2031156362	8A FC 10 79	lam_cou_qv_85_pp_stock_1	Lamborghini Countach 500 quattrovalvole	00 00 00 00
2296894266	3A D3 E7 88	lam_cou_qv_85_pp_stock_2	Lamborghini Countach 500 quattrovalvole	00 00 00 00
2397773668	64 1F EB 8E	lam_cou_qv_85_pp_stock_3	Lamborghini Countach 500 quattrovalvole	00 00 00 00
1816534390	76 1D 46 6C	lam_cou_qv_85_pp_stock_4	Lamborghini Countach 500 quattrovalvole	00 00 00 00
2772598421	95 7E 42 A5	lam_cou_qv_85_pp_stock_5	Lamborghini Countach 500 quattrovalvole	00 00 00 00
579118439	67 A5 84 22	lam_cou_qv_85_pp_stock_6	Lamborghini Countach 500 quattrovalvole	00 00 00 00
3429219263	BF BB 65 CC	lam_cou_qv_85_pp_stock_7	Lamborghini Countach 500 quattrovalvole	00 00 00 00
419023887	0F CC F9 18	lam_cou_qv_85_pp_stock_8	Lamborghini Countach 500 quattrovalvole	00 00 00 00
2542840606	1E AB 90 97	lam_gal_vb_10	Lamborghini Gallardo LP 550-2 Valentino Balboni	00 00 00 00
3957356784	F0 78 E0 EB	lam_gal_vb_10_ai_028	Lamborghini Gallardo LP 550-2 Valentino Balboni	00 00 00 00
3318445660	5C 76 CB C5	lam_gal_vb_10_ai_029	Lamborghini Gallardo LP 550-2 Valentino Balboni	00 00 00 00
2331999961	D9 7E FF 8A	lam_gal_vb_10_ai_134	Lamborghini Gallardo LP 550-2 Valentino Balboni	1E AB 90 97
38435815	E7 7B 4A 02	lam_gal_vb_10_ai_135	Lamborghini Gallardo LP 550-2 Valentino Balboni	00 00 00 00
4237233310	9E 0C 8F FC	lam_gal_vb_10_ai_191	Lamborghini Gallardo LP 550-2 Valentino Balboni	22 24 D7 4F
4052459158	96 9E 8B F1	lam_gal_vb_10_ai_223	Lamborghini Gallardo LP 550-2 Valentino Balboni	BB 30 6B 6E
398700111	4F AE C3 17	lam_gal_vb_10_ai_291	Lamborghini Gallardo LP 550-2 Valentino Balboni	1C 9D B6 B9
3115752732	1C 9D B6 B9	lam_gal_vb_10_nfs_e	Lamborghini Gallardo LP 550-2 Valentino Balboni	1C 9D B6 B9
1298861235	B3 0C 6B 4D	lam_gal_vb_10_pp1v1	Lamborghini Gallardo LP 550-2 Valentino Balboni - Style Pack 1	22 24 D7 4F
4081445304	B8 E9 45 F3	lam_gal_vb_10_pp1v2	Lamborghini Gallardo LP 550-2 Valentino Balboni - Style Pack 1	22 24 D7 4F
885851687	27 06 CD 34	lam_gal_vb_10_pp1v3	Lamborghini Gallardo LP 550-2 Valentino Balboni - Style Pack 1	22 24 D7 4F
3285444316	DC E6 D3 C3	lam_gal_vb_10_pp1v4	Lamborghini Gallardo LP 550-2 Valentino Balboni - Style Pack 1	22 24 D7 4F
744016374	F6 C9 58 2C	lam_gal_vb_10_pp1v5	Lamborghini Gallardo LP 550-2 Valentino Balboni - Style Pack 1	22 24 D7 4F
3654117304	B8 67 CD D9	lam_gal_vb_10_pp1v6	Lamborghini Gallardo LP 550-2 Valentino Balboni - Style Pack 1	22 24 D7 4F
3913338133	15 CD 40 E9	lam_gal_vb_10_pp1v7	Lamborghini Gallardo LP 550-2 Valentino Balboni - Style Pack 1	22 24 D7 4F
1460019287	57 20 06 57	lam_gal_vb_10_pp1v8	Lamborghini Gallardo LP 550-2 Valentino Balboni - Style Pack 1	22 24 D7 4F
2808320064	40 90 63 A7	lam_gal_vb_10_pp2v1	Lamborghini Gallardo LP 550-2 Valentino Balboni - Racer Pack	BE 5C C7 C6
709098516	14 FC 43 2A	lam_gal_vb_10_pp2v2	Lamborghini Gallardo LP 550-2 Valentino Balboni - Racer Pack	BE 5C C7 C6
365687479	B7 F2 CB 15	lam_gal_vb_10_pp2v3	Lamborghini Gallardo LP 550-2 Valentino Balboni - Racer Pack	BE 5C C7 C6
1442057040	50 0B F4 55	lam_gal_vb_10_pp2v4	Lamborghini Gallardo LP 550-2 Valentino Balboni - Racer Pack	BE 5C C7 C6
593530901	15 90 60 23	lam_gal_vb_10_pp2v5	Lamborghini Gallardo LP 550-2 Valentino Balboni - Racer Pack	BE 5C C7 C6
2344230618	DA 1E BA 8B	lam_gal_vb_10_pp2v6	Lamborghini Gallardo LP 550-2 Valentino Balboni - Racer Pack	BE 5C C7 C6
318778974	5E 2E 00 13	lam_gal_vb_10_pp2v7	Lamborghini Gallardo LP 550-2 Valentino Balboni - Racer Pack	BE 5C C7 C6
3579216806	A6 83 56 D5	lam_gal_vb_10_pp2v8	Lamborghini Gallardo LP 550-2 Valentino Balboni - Racer Pack	BE 5C C7 C6
2808692783	2F 40 69 A7	lam_gal_vb_10_pp3v1	Lamborghini Gallardo LP 550-2 Valentino Balboni - Aero Pack	BB 30 6B 6E
708725520	10 4B 3E 2A	lam_gal_vb_10_pp3v2	Lamborghini Gallardo LP 550-2 Valentino Balboni - Aero Pack	BB 30 6B 6E
366396227	43 C3 D6 15	lam_gal_vb_10_pp3v3	Lamborghini Gallardo LP 550-2 Valentino Balboni - Aero Pack	BB 30 6B 6E
1413631133	9D 4C 42 54	lam_gal_vb_10_pp3v4	Lamborghini Gallardo LP 550-2 Valentino Balboni - Aero Pack	BB 30 6B 6E
594110519	37 68 69 23	lam_gal_vb_10_pp3v5	Lamborghini Gallardo LP 550-2 Valentino Balboni - Aero Pack	BB 30 6B 6E
2291641896	28 AE 97 88	lam_gal_vb_10_pp3v6	Lamborghini Gallardo LP 550-2 Valentino Balboni - Aero Pack	BB 30 6B 6E
317927773	5D 31 F3 12	lam_gal_vb_10_pp3v7	Lamborghini Gallardo LP 550-2 Valentino Balboni - Aero Pack	BB 30 6B 6E
3572030228	14 DB E8 D4	lam_gal_vb_10_pp3v8	Lamborghini Gallardo LP 550-2 Valentino Balboni - Aero Pack	BB 30 6B 6E
366437687	37 65 D7 15	lam_gal_vb_10_pp_stock_1	Lamborghini Gallardo LP 550-2 Valentino Balboni	1E AB 90 97
1411844517	A5 09 27 54	lam_gal_vb_10_pp_stock_2	Lamborghini Gallardo LP 550-2 Valentino Balboni	00 00 00 00
677999609	F9 73 69 28	lam_gal_vb_10_pp_stock_3	Lamborghini Gallardo LP 550-2 Valentino Balboni	00 00 00 00
596512891	7B 10 8E 23	lam_gal_vb_10_pp_stock_4	Lamborghini Gallardo LP 550-2 Valentino Balboni	00 00 00 00
1534468725	75 22 76 5B	lam_gal_vb_10_pp_stock_5	Lamborghini Gallardo LP 550-2 Valentino Balboni	00 00 00 00
1424454664	08 74 E7 54	lam_gal_vb_10_pp_stock_6	Lamborghini Gallardo LP 550-2 Valentino Balboni	00 00 00 00
3970607406	2E A9 AA EC	lam_gal_vb_10_pp_stock_7	Lamborghini Gallardo LP 550-2 Valentino Balboni	00 00 00 00
1254018152	68 CC BE 4A	lam_gal_vb_10_pp_stock_8	Lamborghini Gallardo LP 550-2 Valentino Balboni	00 00 00 00
3214647192	98 9F 9B BF	lam_miu_sv_71	Lamborghini Miura SV	00 00 00 00
2615959382	56 5F EC 9B	lam_miu_sv_71_ai_124	Lamborghini Miura SV	CC 79 33 EB
246197794	22 AE AC 0E	lam_miu_sv_71_ai_125	Lamborghini Miura SV	CC 79 33 EB
3193857785	F9 66 5E BE	lam_miu_sv_71_ai_210	Lamborghini Miura SV	CC 79 33 EB
3908753765	65 D9 FA E8	lam_miu_sv_71_ai_221	Lamborghini Miura SV	CC 79 33 EB
3339108312	D8 BF 06 C7	lam_miu_sv_71_ai_243	Lamborghini Miura SV	CC 79 33 EB
449922857	29 47 D1 1A	lam_miu_sv_71_pp1v1	Lamborghini Miura SV - Style Pack 1	F8 F4 99 50
4242903619	43 92 E5 FC	lam_miu_sv_71_pp1v2	Lamborghini Miura SV - Style Pack 1	F8 F4 99 50
1609165300	F4 E9 E9 5F	lam_miu_sv_71_pp1v3	Lamborghini Miura SV - Style Pack 1	F8 F4 99 50
3027612684	0C B4 75 B4	lam_miu_sv_71_pp1v4	Lamborghini Miura SV - Style Pack 1	F8 F4 99 50
1768772733	7D 54 6D 69	lam_miu_sv_71_pp1v5	Lamborghini Miura SV - Style Pack 1	F8 F4 99 50
832958932	D4 F1 A5 31	lam_miu_sv_71_pp1v6	Lamborghini Miura SV - Style Pack 1	F8 F4 99 50
2753149200	10 B9 19 A4	lam_miu_sv_71_pp1v7	Lamborghini Miura SV - Style Pack 1	F8 F4 99 50
3199068950	16 EB AD BE	lam_miu_sv_71_pp1v8	Lamborghini Miura SV - Style Pack 1	F8 F4 99 50
2582372124	1C DF EB 99	lam_miu_sv_71_pp2v1	Lamborghini Miura SV - Jota Style Pack	4D 9B CA 09
3880454276	84 08 4B E7	lam_miu_sv_71_pp2v2	Lamborghini Miura SV - Jota Style Pack	4D 9B CA 09
2557124909	2D A1 6A 98	lam_miu_sv_71_pp2v3	Lamborghini Miura SV - Jota Style Pack	4D 9B CA 09
3136923186	32 A6 F9 BA	lam_miu_sv_71_pp2v4	Lamborghini Miura SV - Jota Style Pack	4D 9B CA 09
1610683479	57 14 01 60	lam_miu_sv_71_pp2v5	Lamborghini Miura SV - Jota Style Pack	4D 9B CA 09
3124745874	92 D6 3F BA	lam_miu_sv_71_pp2v6	Lamborghini Miura SV - Jota Style Pack	4D 9B CA 09
2281179148	0C 08 F8 87	lam_miu_sv_71_pp2v7	Lamborghini Miura SV - Jota Style Pack	4D 9B CA 09
2653079979	AB C9 22 9E	lam_miu_sv_71_pp2v8	Lamborghini Miura SV - Jota Style Pack	4D 9B CA 09
3003939881	29 7C 0C B3	lam_miu_sv_71_pp_stock_1	Lamborghini Miura SV	00 00 00 00
612152928	60 B6 7C 24	lam_miu_sv_71_pp_stock_2	Lamborghini Miura SV	00 00 00 00
3568574533	45 20 B4 D4	lam_miu_sv_71_pp_stock_3	Lamborghini Miura SV	00 00 00 00
99186252	4C 76 E9 05	lam_miu_sv_71_pp_stock_4	Lamborghini Miura SV	00 00 00 00
3952549375	FF 1D 97 EB	lam_miu_sv_71_pp_stock_5	Lamborghini Miura SV	00 00 00 00
2426551597	2D 3D A2 90	lam_miu_sv_71_pp_stock_6	Lamborghini Miura SV	00 00 00 00
4214968814	EE 51 3B FB	lam_miu_sv_71_pp_stock_7	Lamborghini Miura SV	00 00 00 00
3035759228	7C 02 F2 B4	lam_miu_sv_71_pp_stock_8	Lamborghini Miura SV	00 00 00 00
2550322813	7D D6 02 98	lam_mur_sv_10	Lamborghini Murciélago LP 670-4 SV	00 00 00 00
3084366756	A4 B3 D7 B7	lam_mur_sv_10_ai_253	Lamborghini Murciélago LP 670-4 SV	00 00 00 00
1712834822	06 C9 17 66	lam_mur_sv_10_ai_262	Lamborghini Murciélago LP 670-4 SV	FA 14 29 2F
3389491414	D6 88 07 CA	lam_mur_sv_10_pp1v1	Lamborghini Murciélago LP 670-4 SV - Style Pack 1	2F B4 CD 2D
1968726675	93 62 58 75	lam_mur_sv_10_pp1v2	Lamborghini Murciélago LP 670-4 SV - Style Pack 1	2F B4 CD 2D
2504059847	C7 EB 40 95	lam_mur_sv_10_pp1v3	Lamborghini Murciélago LP 670-4 SV - Style Pack 1	2F B4 CD 2D
329725607	A7 36 A7 13	lam_mur_sv_10_pp1v4	Lamborghini Murciélago LP 670-4 SV - Style Pack 1	2F B4 CD 2D
4238989743	AF D9 A9 FC	lam_mur_sv_10_pp1v5	Lamborghini Murciélago LP 670-4 SV - Style Pack 1	2F B4 CD 2D
4205372699	1B E5 A8 FA	lam_mur_sv_10_pp1v6	Lamborghini Murciélago LP 670-4 SV - Style Pack 1	2F B4 CD 2D
3488973739	AB 83 F5 CF	lam_mur_sv_10_pp1v7	Lamborghini Murciélago LP 670-4 SV - Style Pack 1	2F B4 CD 2D
1567464013	4D 9A 6D 5D	lam_mur_sv_10_pp1v8	Lamborghini Murciélago LP 670-4 SV - Style Pack 1	2F B4 CD 2D
3343835678	1E E2 4E C7	lam_mur_sv_10_pp2v1	Lamborghini Murciélago LP 670-4 SV - Aero Pack	FA 14 29 2F
2061181417	E9 21 DB 7A	lam_mur_sv_10_pp2v2	Lamborghini Murciélago LP 670-4 SV - Aero Pack	FA 14 29 2F
2495288543	DF 14 BB 94	lam_mur_sv_10_pp2v3	Lamborghini Murciélago LP 670-4 SV - Aero Pack	FA 14 29 2F
4073003222	D6 18 C5 F2	lam_mur_sv_10_pp2v4	Lamborghini Murciélago LP 670-4 SV - Aero Pack	FA 14 29 2F
2322578206	1E BB 6F 8A	lam_mur_sv_10_pp2v5	Lamborghini Murciélago LP 670-4 SV - Aero Pack	FA 14 29 2F
662600563	73 7B 7E 27	lam_mur_sv_10_pp2v6	Lamborghini Murciélago LP 670-4 SV - Aero Pack	FA 14 29 2F
670388343	77 50 F5 27	lam_mur_sv_10_pp2v7	Lamborghini Murciélago LP 670-4 SV - Aero Pack	FA 14 29 2F
1597875720	08 A6 3D 5F	lam_mur_sv_10_pp2v8	Lamborghini Murciélago LP 670-4 SV - Aero Pack	FA 14 29 2F
2854099895	B7 1B 1E AA	lam_mur_sv_10_pp_rare_1	Lamborghini Murciélago LP 670-4 SV - Signature Edition	6F BF 82 18
423002076	DC 7F 36 19	lam_mur_sv_10_pp_stock_1	Lamborghini Murciélago LP 670-4 SV	00 00 00 00
1164602375	07 6C 6A 45	lam_mur_sv_10_pp_stock_2	Lamborghini Murciélago LP 670-4 SV	00 00 00 00
2599236784	B0 34 ED 9A	lam_mur_sv_10_pp_stock_3	Lamborghini Murciélago LP 670-4 SV	00 00 00 00
3259253348	64 42 44 C2	lam_mur_sv_10_pp_stock_4	Lamborghini Murciélago LP 670-4 SV	00 00 00 00
3853253796	A4 FC AB E5	lam_mur_sv_10_pp_stock_5	Lamborghini Murciélago LP 670-4 SV	00 00 00 00
2117850692	44 D6 3B 7E	lam_mur_sv_10_pp_stock_6	Lamborghini Murciélago LP 670-4 SV	00 00 00 00
2619259567	AF BA 1E 9C	lam_mur_sv_10_pp_stock_7	Lamborghini Murciélago LP 670-4 SV	00 00 00 00
3214136501	B5 D4 93 BF	lam_mur_sv_10_pp_stock_8	Lamborghini Murciélago LP 670-4 SV	00 00 00 00
2520378617	F9 EC 39 96	lam_ses_ele_11	Lamborghini Sesto Elemento	00 00 00 00
601049932	4C 4B D3 23	lam_ses_ele_11_ai_261	Lamborghini Sesto Elemento	2B C2 8D 84
663647969	E1 76 8E 27	lam_ses_ele_11_pp1v1	Lamborghini Sesto Elemento - Style Pack 1	2B C2 8D 84
2362038992	D0 DA C9 8C	lam_ses_ele_11_pp1v2	Lamborghini Sesto Elemento - Style Pack 1	2B C2 8D 84
2043180730	BA 76 C8 79	lam_ses_ele_11_pp1v3	Lamborghini Sesto Elemento - Style Pack 1	2B C2 8D 84
904850386	D2 EB EE 35	lam_ses_ele_11_pp1v4	Lamborghini Sesto Elemento - Style Pack 1	2B C2 8D 84
1277500942	0E 1E 25 4C	lam_ses_ele_11_pp1v5	Lamborghini Sesto Elemento - Style Pack 1	2B C2 8D 84
2615408399	0F F7 E3 9B	lam_ses_ele_11_pp1v6	Lamborghini Sesto Elemento - Style Pack 1	2B C2 8D 84
1287448061	FD E5 BC 4C	lam_ses_ele_11_pp1v7	Lamborghini Sesto Elemento - Style Pack 1	2B C2 8D 84
1758221874	32 56 CC 68	lam_ses_ele_11_pp1v8	Lamborghini Sesto Elemento - Style Pack 1	2B C2 8D 84
386899547	5B 9E 0F 17	lam_ses_ele_11_pp2v1	Lamborghini Sesto Elemento - Super Fast Pack	24 21 38 0F
1627756866	42 99 05 61	lam_ses_ele_11_pp2v2	Lamborghini Sesto Elemento - Super Fast Pack	24 21 38 0F
3796640221	DD 21 4C E2	lam_ses_ele_11_pp2v3	Lamborghini Sesto Elemento - Super Fast Pack	24 21 38 0F
2910801194	2A 4D 7F AD	lam_ses_ele_11_pp2v4	Lamborghini Sesto Elemento - Super Fast Pack	24 21 38 0F
4108800856	58 53 E7 F4	lam_ses_ele_11_pp2v5	Lamborghini Sesto Elemento - Super Fast Pack	24 21 38 0F
2672444790	76 45 4A 9F	lam_ses_ele_11_pp2v6	Lamborghini Sesto Elemento - Super Fast Pack	24 21 38 0F
2380859159	17 07 E9 8D	lam_ses_ele_11_pp2v7	Lamborghini Sesto Elemento - Super Fast Pack	24 21 38 0F
2431781612	EC 0A F2 90	lam_ses_ele_11_pp2v8	Lamborghini Sesto Elemento - Super Fast Pack	24 21 38 0F
1021146513	91 75 DD 3C	lam_ses_ele_11_pp_rare_1	Lamborghini Sesto Elemento - Signature Edition	16 FA DF 4B
3037763135	3F 96 10 B5	lam_ses_ele_11_pp_stock_1	Lamborghini Sesto Elemento	00 00 00 00
619665580	AC 58 EF 24	lex_lfa_stk_10	Lexus LF-A	00 00 00 00
1818136324	04 8F 5E 6C	lex_lfa_stk_10_pp1v1	Lexus LF-A - Style Pack 1	03 D1 24 9F
4188327598	AE CE A4 F9	lex_lfa_stk_10_pp1v2	Lexus LF-A - Style Pack 1	03 D1 24 9F
3717114659	23 AB 8E DD	lex_lfa_stk_10_pp1v3	Lexus LF-A - Style Pack 1	03 D1 24 9F
3919847085	AD 1E A4 E9	lex_lfa_stk_10_pp1v4	Lexus LF-A - Style Pack 1	03 D1 24 9F
3584563255	37 18 A8 D5	lex_lfa_stk_10_pp1v5	Lexus LF-A - Style Pack 1	03 D1 24 9F
3338868723	F3 17 03 C7	lex_lfa_stk_10_pp1v6	Lexus LF-A - Style Pack 1	03 D1 24 9F
3854475357	5D A0 BE E5	lex_lfa_stk_10_pp1v7	Lexus LF-A - Style Pack 1	03 D1 24 9F
751583379	93 40 CC 2C	lex_lfa_stk_10_pp1v8	Lexus LF-A - Style Pack 1	03 D1 24 9F
1242417971	33 CB 0D 4A	lex_lfa_stk_10_pp_stock_1	Lexus LF-A	00 00 00 00
1501282514	D2 C0 7B 59	lex_lfa_stk_10_pp_stock_2	Lexus LF-A	00 00 00 00
1766454385	71 F4 49 69	lex_lfa_stk_10_pp_stock_3	Lexus LF-A	00 00 00 00
3974442167	B7 2C E5 EC	lex_lfa_stk_10_pp_stock_4	Lexus LF-A	00 00 00 00
1983727951	4F 49 3D 76	lex_lfa_stk_10_pp_stock_5	Lexus LF-A	00 00 00 00
1740107414	96 EE B7 67	lex_lfa_stk_10_pp_stock_6	Lexus LF-A	00 00 00 00
2005067115	6B E5 82 77	lex_lfa_stk_10_pp_stock_7	Lexus LF-A	00 00 00 00
2424990184	E8 69 8A 90	lex_lfa_stk_10_pp_stock_8	Lexus LF-A	00 00 00 00
862916012	AC 0D 6F 33	lot_evo_stk_10	Lotus Evora	00 00 00 00
485585180	1C 71 F1 1C	lot_evo_stk_10_ai_032	Lotus Evora	7F B1 06 27
210450965	15 3A 8B 0C	lot_evo_stk_10_ai_033	Lotus Evora	7F B1 06 27
3475738164	34 8E 2B CF	lot_evo_stk_10_ai_100	Lotus Evora	C9 8E 47 16
3208806372	E4 7F 42 BF	lot_evo_stk_10_ai_132	Lotus Evora	C9 8E 47 16
2818527310	4E 50 FF A7	lot_evo_stk_10_ai_133	Lotus Evora	C9 8E 47 16
2624060130	E2 FA 67 9C	lot_evo_stk_10_ai_174	Lotus Evora	7F B1 06 27
2567455060	54 41 08 99	lot_evo_stk_10_ai_179	Lotus Evora	7F B1 06 27
2822110327	77 FC 35 A8	lot_evo_stk_10_pp1v1	Lotus Evora - Style Pack 1	34 55 B8 89
142966281	09 7E 85 08	lot_evo_stk_10_pp1v2	Lotus Evora - Style Pack 1	34 55 B8 89
1453108949	D5 AE 9C 56	lot_evo_stk_10_pp1v3	Lotus Evora - Style Pack 1	34 55 B8 89
3396322769	D1 C5 6F CA	lot_evo_stk_10_pp1v4	Lotus Evora - Style Pack 1	34 55 B8 89
3753104841	C9 D5 B3 DF	lot_evo_stk_10_pp1v5	Lotus Evora - Style Pack 1	34 55 B8 89
1591696825	B9 5D DF 5E	lot_evo_stk_10_pp1v6	Lotus Evora - Style Pack 1	34 55 B8 89
937473309	1D B5 E0 37	lot_evo_stk_10_pp1v7	Lotus Evora - Style Pack 1	34 55 B8 89
4272201679	CF 9F A4 FE	lot_evo_stk_10_pp1v8	Lotus Evora - Style Pack 1	34 55 B8 89
2687196673	01 5E 2B A0	lot_evo_stk_10_pp2v1	Lotus Evora - Style Pack 2	F2 88 51 B2
800254789	45 EB B2 2F	lot_evo_stk_10_pp2v2	Lotus Evora - Style Pack 2	F2 88 51 B2
1990743713	A1 56 A8 76	lot_evo_stk_10_pp2v3	Lotus Evora - Style Pack 2	F2 88 51 B2
1951669129	89 1B 54 74	lot_evo_stk_10_pp2v4	Lotus Evora - Style Pack 2	F2 88 51 B2
2861052202	2A 31 88 AA	lot_evo_stk_10_pp2v5	Lotus Evora - Style Pack 2	F2 88 51 B2
1084555549	1D 01 A5 40	lot_evo_stk_10_pp2v6	Lotus Evora - Style Pack 2	F2 88 51 B2
3869562945	41 D8 A4 E6	lot_evo_stk_10_pp2v7	Lotus Evora - Style Pack 2	F2 88 51 B2
270161645	ED 56 1A 10	lot_evo_stk_10_pp2v8	Lotus Evora - Style Pack 2	F2 88 51 B2
2452195502	AE 88 29 92	lot_evo_stk_10_pp3v1	Lotus Evora - Track Day Racer Pack	82 64 F3 17
1220246371	63 7B BB 48	lot_evo_stk_10_pp3v2	Lotus Evora - Track Day Racer Pack	82 64 F3 17
2282987974	C6 A1 13 88	lot_evo_stk_10_pp3v3	Lotus Evora - Track Day Racer Pack	82 64 F3 17
2626847799	37 84 92 9C	lot_evo_stk_10_pp3v4	Lotus Evora - Track Day Racer Pack	82 64 F3 17
2541337141	35 BA 79 97	lot_evo_stk_10_pp3v5	Lotus Evora - Track Day Racer Pack	82 64 F3 17
991589948	3C 76 1A 3B	lot_evo_stk_10_pp3v6	Lotus Evora - Track Day Racer Pack	82 64 F3 17
1326814600	88 95 15 4F	lot_evo_stk_10_pp3v7	Lotus Evora - Track Day Racer Pack	82 64 F3 17
2630520135	47 8D CA 9C	lot_evo_stk_10_pp3v8	Lotus Evora - Track Day Racer Pack	82 64 F3 17
1821494394	7A CC 91 6C	lot_evo_stk_10_pp_rare_1	Lotus Evora - Signature Edition	AE F5 5F 02
698338340	24 CC 9F 29	lot_evo_stk_10_pp_stock_1	Lotus Evora	00 00 00 00
1342298842	DA DA 01 50	lot_evo_stk_10_pp_stock_2	Lotus Evora	00 00 00 00
1326764361	49 D1 14 4F	lot_evo_stk_10_pp_stock_3	Lotus Evora	00 00 00 00
3069439234	02 ED F3 B6	lot_evo_stk_10_pp_stock_4	Lotus Evora	00 00 00 00
2254759991	37 E8 64 86	lot_evo_stk_10_pp_stock_5	Lotus Evora	00 00 00 00
1590555306	AA F2 CD 5E	lot_evo_stk_10_pp_stock_6	Lotus Evora	00 00 00 00
1577661518	4E 34 09 5E	lot_evo_stk_10_pp_stock_7	Lotus Evora	00 00 00 00
2276033286	06 83 A9 87	lot_evo_stk_10_pp_stock_8	Lotus Evora	00 00 00 00
2278684953	19 F9 D1 87	lot_exi_260_10	Lotus Exige Cup 260	00 00 00 00
3192479687	C7 5F 49 BE	lot_exi_260_10_ai_072	Lotus Exige Cup 260	B4 7A 45 1D
1707551896	98 2C C7 65	lot_exi_260_10_ai_077	Lotus Exige Cup 260	B4 7A 45 1D
1736797513	49 6D 85 67	lot_exi_260_10_ai_118	Lotus Exige Cup 260	B4 7A 45 1D
3053463980	AC 29 00 B6	lot_exi_260_10_ai_119	Lotus Exige Cup 260	B4 7A 45 1D
2677659115	EB D5 99 9F	lot_exi_260_10_ai_197	Lotus Exige Cup 260	1A 3B 68 8D
3413518135	37 27 76 CB	lot_exi_260_10_ai_251	Lotus Exige Cup 260	04 D7 7A 19
1700681826	62 58 5E 65	lot_exi_260_10_ai_320	Lotus Exige Cup 260	B4 7A 45 1D
491092660	B4 7A 45 1D	lot_exi_260_10_nfs_e	Lotus Exige Cup 260 - NFS Edition	B4 7A 45 1D
1319653449	49 50 A8 4E	lot_exi_260_10_pp1v1	Lotus Exige Cup 260 - Style Pack 1	6D D0 3E 30
257673226	0A C8 5B 0F	lot_exi_260_10_pp1v2	Lotus Exige Cup 260 - Style Pack 1	6D D0 3E 30
1103130600	E8 6F C0 41	lot_exi_260_10_pp1v3	Lotus Exige Cup 260 - Style Pack 1	6D D0 3E 30
2962902070	36 4C 9A B0	lot_exi_260_10_pp1v4	Lotus Exige Cup 260 - Style Pack 1	6D D0 3E 30
3868630343	47 9D 96 E6	lot_exi_260_10_pp1v5	Lotus Exige Cup 260 - Style Pack 1	6D D0 3E 30
3140821475	E3 21 35 BB	lot_exi_260_10_pp1v6	Lotus Exige Cup 260 - Style Pack 1	6D D0 3E 30
2339106909	5D F0 6B 8B	lot_exi_260_10_pp1v7	Lotus Exige Cup 260 - Style Pack 1	6D D0 3E 30
4215158187	AB 35 3E FB	lot_exi_260_10_pp1v8	Lotus Exige Cup 260 - Style Pack 1	6D D0 3E 30
2352653968	90 A6 3A 8C	lot_exi_260_10_pp2v1	Lotus Exige Cup 260 - Track Day Racer Pack	A2 F3 4F 5A
1800008326	86 F2 49 6B	lot_exi_260_10_pp2v2	Lotus Exige Cup 260 - Track Day Racer Pack	A2 F3 4F 5A
982657285	05 29 92 3A	lot_exi_260_10_pp2v3	Lotus Exige Cup 260 - Track Day Racer Pack	A2 F3 4F 5A
3117170209	21 3E CC B9	lot_exi_260_10_pp2v4	Lotus Exige Cup 260 - Track Day Racer Pack	A2 F3 4F 5A
555551046	46 09 1D 21	lot_exi_260_10_pp2v5	Lotus Exige Cup 260 - Track Day Racer Pack	A2 F3 4F 5A
3992567206	A6 BD F9 ED	lot_exi_260_10_pp2v6	Lotus Exige Cup 260 - Track Day Racer Pack	A2 F3 4F 5A
3393984606	5E 18 4C CA	lot_exi_260_10_pp2v7	Lotus Exige Cup 260 - Track Day Racer Pack	A2 F3 4F 5A
632274395	DB BD AF 25	lot_exi_260_10_pp2v8	Lotus Exige Cup 260 - Track Day Racer Pack	A2 F3 4F 5A
77713997	4D D2 A1 04	lot_exi_260_10_pp3v1	Lotus Exige Cup 260 - Time Attack Pack	6F 2B E3 6D
2886077052	7C 0A 06 AC	lot_exi_260_10_pp3v2	Lotus Exige Cup 260 - Time Attack Pack	6F 2B E3 6D
979456763	FB 52 61 3A	lot_exi_260_10_pp3v3	Lotus Exige Cup 260 - Time Attack Pack	6F 2B E3 6D
1560958985	09 58 0A 5D	lot_exi_260_10_pp3v4	Lotus Exige Cup 260 - Time Attack Pack	6F 2B E3 6D
2755577759	9F C7 3E A4	lot_exi_260_10_pp3v5	Lotus Exige Cup 260 - Time Attack Pack	6F 2B E3 6D
1310577009	71 D1 1D 4E	lot_exi_260_10_pp3v6	Lotus Exige Cup 260 - Time Attack Pack	6F 2B E3 6D
173466640	10 E4 56 0A	lot_exi_260_10_pp3v7	Lotus Exige Cup 260 - Time Attack Pack	6F 2B E3 6D
335247151	2F 77 FB 13	lot_exi_260_10_pp3v8	Lotus Exige Cup 260 - Time Attack Pack	6F 2B E3 6D
30590049	61 C4 D2 01	lot_exi_260_10_pp_rare_1	Lotus Exige Cup 260 - Signature Edition	F8 FE FA A8
1205322634	8A C3 D7 47	lot_exi_260_10_pp_stock_1	Lotus Exige Cup 260	00 00 00 00
734410351	6F 36 C6 2B	lot_exi_260_10_pp_stock_2	Lotus Exige Cup 260	00 00 00 00
3485467247	6F 02 C0 CF	lot_exi_260_10_pp_stock_3	Lotus Exige Cup 260	00 00 00 00
2087510563	23 E2 6C 7C	lot_exi_260_10_pp_stock_4	Lotus Exige Cup 260	00 00 00 00
4096035447	77 8A 24 F4	lot_exi_260_10_pp_stock_5	Lotus Exige Cup 260	00 00 00 00
4256257917	7D 57 B1 FD	lot_exi_260_10_pp_stock_6	Lotus Exige Cup 260	00 00 00 00
2187865611	0B 2E 68 82	lot_exi_260_10_pp_stock_7	Lotus Exige Cup 260	00 00 00 00
2226181723	5B D6 B0 84	lot_exi_260_10_pp_stock_8	Lotus Exige Cup 260	00 00 00 00
4188735793	31 09 AB F9	maz_mx5_rht_09	Mazda MX-5	00 00 00 00
3434106833	D1 4F B0 CC	maz_mx5_rht_09_ai_013	Mazda MX-5	F6 FE A7 C1
4060084704	E0 F9 FF F1	maz_mx5_rht_09_ai_015	Mazda MX-5	F6 FE A7 C1
1455755168	A0 0F C5 56	maz_mx5_rht_09_ai_021	Mazda MX-5	F6 FE A7 C1
4093779206	06 1D 02 F4	maz_mx5_rht_09_ai_071	Mazda MX-5	F6 FE A7 C1
3688200788	54 7A D5 DB	maz_mx5_rht_09_ai_091	Mazda MX-5	F6 FE A7 C1
4054004983	F7 34 A3 F1	maz_mx5_rht_09_ai_149	Mazda MX-5	F6 FE A7 C1
1753274534	A6 D8 80 68	maz_mx5_rht_09_ai_301	Mazda MX-5	F6 FE A7 C1
3249012470	F6 FE A7 C1	maz_mx5_rht_09_nfs_e	Mazda MX-5 - NFS Edition	F6 FE A7 C1
3825047666	72 98 FD E3	maz_mx5_rht_09_pp1v1	Mazda MX-5 - Style Pack 1	36 97 1E D6
4196988101	C5 F4 28 FA	maz_mx5_rht_09_pp1v2	Mazda MX-5 - Style Pack 1	36 97 1E D6
2578978169	79 15 B8 99	maz_mx5_rht_09_pp1v3	Mazda MX-5 - Style Pack 1	36 97 1E D6
4100296539	5B 8F 65 F4	maz_mx5_rht_09_pp1v4	Mazda MX-5 - Style Pack 1	36 97 1E D6
1027263278	2E CB 3A 3D	maz_mx5_rht_09_pp1v5	Mazda MX-5 - Style Pack 1	36 97 1E D6
1042521500	9C 9D 23 3E	maz_mx5_rht_09_pp1v6	Mazda MX-5 - Style Pack 1	36 97 1E D6
1523578111	FF F4 CF 5A	maz_mx5_rht_09_pp1v7	Mazda MX-5 - Style Pack 1	36 97 1E D6
2046016916	94 BD F3 79	maz_mx5_rht_09_pp1v8	Mazda MX-5 - Style Pack 1	36 97 1E D6
4232517355	EB 16 47 FC	maz_mx5_rht_09_pp2v1	Mazda MX-5 - Style Pack 2	A2 27 A5 AA
2648104279	57 DD D6 9D	maz_mx5_rht_09_pp2v2	Mazda MX-5 - Style Pack 2	A2 27 A5 AA
2759263526	26 05 77 A4	maz_mx5_rht_09_pp2v3	Mazda MX-5 - Style Pack 2	A2 27 A5 AA
3884276172	CC 59 85 E7	maz_mx5_rht_09_pp2v4	Mazda MX-5 - Style Pack 2	A2 27 A5 AA
2327845066	CA 18 C0 8A	maz_mx5_rht_09_pp2v5	Mazda MX-5 - Style Pack 2	A2 27 A5 AA
1986840044	EC C5 6C 76	maz_mx5_rht_09_pp2v6	Mazda MX-5 - Style Pack 2	A2 27 A5 AA
2417578184	C8 50 19 90	maz_mx5_rht_09_pp2v7	Mazda MX-5 - Style Pack 2	A2 27 A5 AA
2755274761	09 28 3A A4	maz_mx5_rht_09_pp2v8	Mazda MX-5 - Style Pack 2	A2 27 A5 AA
3302501692	3C 2D D8 C4	maz_mx5_rht_09_pp3v1	Mazda MX-5 - Tuner pack	75 9D 4E C1
1558171535	8F CF DF 5C	maz_mx5_rht_09_pp3v2	Mazda MX-5 - Tuner pack	75 9D 4E C1
1253202351	AF 59 B2 4A	maz_mx5_rht_09_pp3v3	Mazda MX-5 - Tuner pack	75 9D 4E C1
2298927413	35 D9 06 89	maz_mx5_rht_09_pp3v4	Mazda MX-5 - Tuner pack	75 9D 4E C1
3555833815	D7 B7 F1 D3	maz_mx5_rht_09_pp3v5	Mazda MX-5 - Tuner pack	75 9D 4E C1
3629354420	B4 8D 53 D8	maz_mx5_rht_09_pp3v6	Mazda MX-5 - Tuner pack	75 9D 4E C1
2050561247	DF 14 39 7A	maz_mx5_rht_09_pp3v7	Mazda MX-5 - Tuner pack	75 9D 4E C1
3637847903	5F 27 D5 D8	maz_mx5_rht_09_pp3v8	Mazda MX-5 - Tuner pack	75 9D 4E C1
2281015560	08 89 F5 87	maz_mx5_rht_09_pp_stock_1	Mazda MX-5	00 00 00 00
397584215	57 A7 B2 17	maz_mx5_rht_09_pp_stock_2	Mazda MX-5	00 00 00 00
683060602	7A AD B6 28	maz_mx5_rht_09_pp_stock_3	Mazda MX-5	00 00 00 00
61596203	2B E2 AB 03	maz_mx5_rht_09_pp_stock_4	Mazda MX-5	00 00 00 00
2970029952	80 0F 07 B1	maz_mx5_rht_09_pp_stock_5	Mazda MX-5	00 00 00 00
143651172	64 F1 8F 08	maz_mx5_rht_09_pp_stock_6	Mazda MX-5	00 00 00 00
3589261037	ED C6 EF D5	maz_mx5_rht_09_pp_stock_7	Mazda MX-5	00 00 00 00
3956399190	56 DC D1 EB	maz_mx5_rht_09_pp_stock_8	Mazda MX-5	00 00 00 00
3713335784	E8 01 55 DD	maz_rx7_rz_98	Mazda RX-7 RZ	00 00 00 00
3685348580	E4 F4 A9 DB	maz_rx7_rz_98_ai_008	Mazda RX-7 RZ	19 43 C2 7F
1573467549	9D 35 C9 5D	maz_rx7_rz_98_ai_079	Mazda RX-7 RZ	19 43 C2 7F
1390273791	FF E4 DD 52	maz_rx7_rz_98_ai_090	Mazda RX-7 RZ	19 43 C2 7F
1745902740	94 5C 10 68	maz_rx7_rz_98_ai_187	Mazda RX-7 RZ	19 43 C2 7F
2731157591	57 28 CA A2	maz_rx7_rz_98_ai_241	Mazda RX-7 RZ	19 43 C2 7F
529645684	74 C0 91 1F	maz_rx7_rz_98_nfs_e	Mazda RX-7 RZ - NFS Edition	74 C0 91 1F
4255478523	FB 72 A5 FD	maz_rx7_rz_98_pp1v1	Mazda RX-7 RZ - Style Pack 1	E9 ED DE F4
1526528868	64 FB FC 5A	maz_rx7_rz_98_pp1v2	Mazda RX-7 RZ - Style Pack 1	E9 ED DE F4
158536153	D9 11 73 09	maz_rx7_rz_98_pp1v3	Mazda RX-7 RZ - Style Pack 1	E9 ED DE F4
2893231895	17 37 73 AC	maz_rx7_rz_98_pp1v4	Mazda RX-7 RZ - Style Pack 1	E9 ED DE F4
3515635889	B1 58 8C D1	maz_rx7_rz_98_pp1v5	Mazda RX-7 RZ - Style Pack 1	E9 ED DE F4
770986015	1F 50 F4 2D	maz_rx7_rz_98_pp1v6	Mazda RX-7 RZ - Style Pack 1	E9 ED DE F4
680553855	7F 6D 90 28	maz_rx7_rz_98_pp1v7	Mazda RX-7 RZ - Style Pack 1	E9 ED DE F4
2109887188	D4 52 C2 7D	maz_rx7_rz_98_pp1v8	Mazda RX-7 RZ - Style Pack 1	E9 ED DE F4
3746048346	5A 29 48 DF	maz_rx7_rz_98_pp2v1	Mazda RX-7 RZ - Style Pack 2	F8 D6 15 94
3654413329	11 EC D1 D9	maz_rx7_rz_98_pp2v2	Mazda RX-7 RZ - Style Pack 2	F8 D6 15 94
1519706021	A5 DF 94 5A	maz_rx7_rz_98_pp2v3	Mazda RX-7 RZ - Style Pack 2	F8 D6 15 94
14659301	E5 AE DF 00	maz_rx7_rz_98_pp2v4	Mazda RX-7 RZ - Style Pack 2	F8 D6 15 94
2955612088	B8 0F 2B B0	maz_rx7_rz_98_pp2v5	Mazda RX-7 RZ - Style Pack 2	F8 D6 15 94
1759295864	78 B9 DC 68	maz_rx7_rz_98_pp2v6	Mazda RX-7 RZ - Style Pack 2	F8 D6 15 94
4084862468	04 0E 7A F3	maz_rx7_rz_98_pp2v7	Mazda RX-7 RZ - Style Pack 2	F8 D6 15 94
2743991837	1D FE 8D A3	maz_rx7_rz_98_pp2v8	Mazda RX-7 RZ - Style Pack 2	F8 D6 15 94
3861891924	54 CB 2F E6	maz_rx7_rz_98_pp3v1	Mazda RX-7 RZ - Time Attack Pack	D5 8E 3A FB
2784377152	40 39 F6 A5	maz_rx7_rz_98_pp3v2	Mazda RX-7 RZ - Time Attack Pack	D5 8E 3A FB
460698484	74 B3 75 1B	maz_rx7_rz_98_pp3v3	Mazda RX-7 RZ - Time Attack Pack	D5 8E 3A FB
2853801599	7F 8E 19 AA	maz_rx7_rz_98_pp3v4	Mazda RX-7 RZ - Time Attack Pack	D5 8E 3A FB
2702400591	4F 5C 13 A1	maz_rx7_rz_98_pp3v5	Mazda RX-7 RZ - Time Attack Pack	D5 8E 3A FB
4262031785	A9 71 09 FE	maz_rx7_rz_98_pp3v6	Mazda RX-7 RZ - Time Attack Pack	D5 8E 3A FB
228855068	1C 0D A4 0D	maz_rx7_rz_98_pp3v7	Mazda RX-7 RZ - Time Attack Pack	D5 8E 3A FB
533801469	FD 29 D1 1F	maz_rx7_rz_98_pp3v8	Mazda RX-7 RZ - Time Attack Pack	D5 8E 3A FB
2688135082	AA AF 39 A0	maz_rx7_rz_98_pp_rare_1	Mazda RX-7 RZ - Signature Edition	E4 3C B7 72
1198552022	D6 73 70 47	maz_rx7_rz_98_pp_stock_1	Mazda RX-7 RZ	00 00 00 00
1807438366	1E 52 BB 6B	maz_rx7_rz_98_pp_stock_2	Mazda RX-7 RZ	00 00 00 00
1376730081	E1 3B 0F 52	maz_rx7_rz_98_pp_stock_3	Mazda RX-7 RZ	00 00 00 00
2881244118	D6 4B BC AB	maz_rx7_rz_98_pp_stock_4	Mazda RX-7 RZ	00 00 00 00
1588051005	3D BC A7 5E	maz_rx7_rz_98_pp_stock_5	Mazda RX-7 RZ	00 00 00 00
1911021386	4A DF E7 71	maz_rx7_rz_98_pp_stock_6	Mazda RX-7 RZ	00 00 00 00
3789161057	61 02 DA E1	maz_rx7_rz_98_pp_stock_7	Mazda RX-7 RZ	00 00 00 00
2119356399	EF CF 52 7E	maz_rx7_rz_98_pp_stock_8	Mazda RX-7 RZ	00 00 00 00
3704776160	E0 65 D2 DC	mcl_f1_stk_94	McLaren F1	00 00 00 00
2394758434	22 1D BD 8E	mcl_f1_stk_94_ai_259	McLaren F1	E0 65 D2 DC
2188732611	C3 68 75 82	mcl_f1_stk_94_pp1v1	McLaren F1 - Style Pack 1	7A 5A E0 DB
8847892	14 02 87 00	mcl_f1_stk_94_pp1v2	McLaren F1 - Style Pack 1	7A 5A E0 DB
2546659436	6C F0 CA 97	mcl_f1_stk_94_pp1v3	McLaren F1 - Style Pack 1	7A 5A E0 DB
4201908254	1E 08 74 FA	mcl_f1_stk_94_pp1v4	McLaren F1 - Style Pack 1	7A 5A E0 DB
3309128826	7A 4C 3D C5	mcl_f1_stk_94_pp1v5	McLaren F1 - Style Pack 1	7A 5A E0 DB
3763200407	97 E1 4D E0	mcl_f1_stk_94_pp1v6	McLaren F1 - Style Pack 1	7A 5A E0 DB
734242523	DB A6 C3 2B	mcl_f1_stk_94_pp1v7	McLaren F1 - Style Pack 1	7A 5A E0 DB
4147231431	C7 BA 31 F7	mcl_f1_stk_94_pp1v8	McLaren F1 - Style Pack 1	7A 5A E0 DB
3451952857	D9 9E C0 CD	mcl_f1_stk_94_pp2v1	McLaren F1 - Aero Pack	A1 01 9F 19
2727696005	85 56 95 A2	mcl_f1_stk_94_pp2v2	McLaren F1 - Aero Pack	A1 01 9F 19
2569286113	E1 31 24 99	mcl_f1_stk_94_pp2v3	McLaren F1 - Aero Pack	A1 01 9F 19
179413785	19 A3 B1 0A	mcl_f1_stk_94_pp2v4	McLaren F1 - Aero Pack	A1 01 9F 19
2797745784	78 36 C2 A6	mcl_f1_stk_94_pp2v5	McLaren F1 - Aero Pack	A1 01 9F 19
4269482447	CF 21 7B FE	mcl_f1_stk_94_pp2v6	McLaren F1 - Aero Pack	A1 01 9F 19
1346627002	BA E5 43 50	mcl_f1_stk_94_pp2v7	McLaren F1 - Aero Pack	A1 01 9F 19
3904972435	93 26 C1 E8	mcl_f1_stk_94_pp2v8	McLaren F1 - Aero Pack	A1 01 9F 19
3082609147	FB E1 BC B7	mcl_f1_stk_94_pp_stock_1	McLaren F1	00 00 00 00
1842326981	C5 AD CF 6D	mcl_f1_stk_94_pp_stock_2	McLaren F1	00 00 00 00
3597153073	31 33 68 D6	mcl_f1_stk_94_pp_stock_3	McLaren F1	00 00 00 00
2027198581	75 98 D4 78	mcl_f1_stk_94_pp_stock_4	McLaren F1	00 00 00 00
4061750909	7D 66 19 F2	mcl_f1_stk_94_pp_stock_5	McLaren F1	00 00 00 00
3284152259	C3 2F C0 C3	mcl_f1_stk_94_pp_stock_6	McLaren F1	00 00 00 00
3971845986	62 8F BD EC	mcl_f1_stk_94_pp_stock_7	McLaren F1	00 00 00 00
2188451802	DA 1F 71 82	mcl_f1_stk_94_pp_stock_8	McLaren F1	00 00 00 00
3344308843	6B 1A 56 C7	mcl_mp4_12c_12	McLaren MP4-12C	00 00 00 00
2100163924	54 F5 2D 7D	mcl_mp4_12c_12_ai_009	McLaren MP4-12C	6B 1A 56 C7
853184041	29 8E DA 32	mcl_mp4_12c_12_ai_195	McLaren MP4-12C	0C D1 5B 8C
2231492581	E5 DF 01 85	mcl_mp4_12c_12_ai_212	McLaren MP4-12C	3C 19 8E 09
3809299444	F4 4B 0D E3	mcl_mp4_12c_12_ai_224	McLaren MP4-12C	0C D1 5B 8C
3133505670	86 80 C5 BA	mcl_mp4_12c_12_ai_244	McLaren MP4-12C	0C D1 5B 8C
3941945563	DB 50 F5 EA	mcl_mp4_12c_12_ai_254	McLaren MP4-12C	0C D1 5B 8C
3784919988	B4 4B 99 E1	mcl_mp4_12c_12_nfs_e	McLaren MP4-12C - NFS Edition	B4 4B 99 E1
3131107123	33 E7 A0 BA	mcl_mp4_12c_12_pp1v1	McLaren MP4-12C - Style Pack 1	0C D1 5B 8C
4294611947	EB 93 FA FF	mcl_mp4_12c_12_pp1v2	McLaren MP4-12C - Style Pack 1	0C D1 5B 8C
3922078657	C1 2B C6 E9	mcl_mp4_12c_12_pp1v3	McLaren MP4-12C - Style Pack 1	0C D1 5B 8C
1057106373	C5 29 02 3F	mcl_mp4_12c_12_pp1v4	McLaren MP4-12C - Style Pack 1	0C D1 5B 8C
3144079377	11 D8 66 BB	mcl_mp4_12c_12_pp1v5	McLaren MP4-12C - Style Pack 1	0C D1 5B 8C
3471408279	97 7C E9 CE	mcl_mp4_12c_12_pp1v6	McLaren MP4-12C - Style Pack 1	0C D1 5B 8C
130378825	49 6C C5 07	mcl_mp4_12c_12_pp1v7	McLaren MP4-12C - Style Pack 1	0C D1 5B 8C
4082318510	AE 3C 53 F3	mcl_mp4_12c_12_pp1v8	McLaren MP4-12C - Style Pack 1	0C D1 5B 8C
2541095939	03 0C 76 97	mcl_mp4_12c_12_pp2v1	McLaren MP4-12C - Racer Pack	3C 19 8E 09
91889143	F7 1D 7A 05	mcl_mp4_12c_12_pp2v2	McLaren MP4-12C - Racer Pack	3C 19 8E 09
1017936786	92 7B AC 3C	mcl_mp4_12c_12_pp2v3	McLaren MP4-12C - Racer Pack	3C 19 8E 09
3013363001	39 45 9C B3	mcl_mp4_12c_12_pp2v4	McLaren MP4-12C - Racer Pack	3C 19 8E 09
1204401820	9C B6 C9 47	mcl_mp4_12c_12_pp2v5	McLaren MP4-12C - Racer Pack	3C 19 8E 09
3568224351	5F C8 AE D4	mcl_mp4_12c_12_pp2v6	McLaren MP4-12C - Racer Pack	3C 19 8E 09
702147282	D2 EA D9 29	mcl_mp4_12c_12_pp2v7	McLaren MP4-12C - Racer Pack	3C 19 8E 09
1587206021	85 D7 9A 5E	mcl_mp4_12c_12_pp2v8	McLaren MP4-12C - Racer Pack	3C 19 8E 09
2166586403	23 7C 23 81	mcl_mp4_12c_12_pp_rare_1	McLaren MP4-12C - Signature Edition	42 A8 A3 D0
2658400503	F7 F8 73 9E	mcl_mp4_12c_12_pp_stock_1	McLaren MP4-12C	00 00 00 00
4193773627	3B E8 F7 F9	mcl_mp4_12c_12_pp_stock_2	McLaren MP4-12C	00 00 00 00
1619287845	25 5F 84 60	mcl_mp4_12c_12_pp_stock_3	McLaren MP4-12C	00 00 00 00
939656905	C9 06 02 38	mcl_mp4_12c_12_pp_stock_4	McLaren MP4-12C	00 00 00 00
2000101387	0B 20 37 77	mcl_mp4_12c_12_pp_stock_5	McLaren MP4-12C	00 00 00 00
2985567767	17 26 F4 B1	mcl_mp4_12c_12_pp_stock_6	McLaren MP4-12C	00 00 00 00
1596404988	FC 34 27 5F	mcl_mp4_12c_12_pp_stock_7	McLaren MP4-12C	00 00 00 00
3225073129	E9 B5 3A C0	mcl_mp4_12c_12_pp_stock_8	McLaren MP4-12C	00 00 00 00
2275990752	E0 DC A8 87	mer_sls_amg_10	Mercedes-Benz SLS AMG	00 00 00 00
1671281501	5D BB 9D 63	mer_sls_amg_10_adsales_1	Mercedes-Benz SLS AMG - Signature Ediiton	D6 5E F2 E6
2328589773	CD 75 CB 8A	mer_sls_amg_10_ai_190	Mercedes-Benz SLS AMG	00 00 00 00
502950628	E4 6A FA 1D	mer_sls_amg_10_ai_201	Mercedes-Benz SLS AMG	23 8F B9 C8
3149572385	21 A9 BA BB	mer_sls_amg_10_ai_267	Mercedes-Benz SLS AMG	D3 E0 76 FF
918776313	F9 69 C3 36	mer_sls_amg_10_nfs_e	Mercedes-Benz SLS AMG - NFS Edition	F9 69 C3 36
3140598995	D3 BC 31 BB	mer_sls_amg_10_pp1v1	Mercedes-Benz SLS AMG - Style Pack 1	59 17 86 99
2757000283	5B 7C 54 A4	mer_sls_amg_10_pp1v2	Mercedes-Benz SLS AMG - Style Pack 1	59 17 86 99
154832947	33 90 3A 09	mer_sls_amg_10_pp1v3	Mercedes-Benz SLS AMG - Style Pack 1	59 17 86 99
1588592206	4E FE AF 5E	mer_sls_amg_10_pp1v4	Mercedes-Benz SLS AMG - Style Pack 1	59 17 86 99
1850202578	D2 D9 47 6E	mer_sls_amg_10_pp1v5	Mercedes-Benz SLS AMG - Style Pack 1	59 17 86 99
1009283055	EF 6F 28 3C	mer_sls_amg_10_pp1v6	Mercedes-Benz SLS AMG - Style Pack 1	59 17 86 99
3010916180	54 EF 76 B3	mer_sls_amg_10_pp1v7	Mercedes-Benz SLS AMG - Style Pack 1	59 17 86 99
3383528818	72 8D AC C9	mer_sls_amg_10_pp1v8	Mercedes-Benz SLS AMG - Style Pack 1	59 17 86 99
1230625576	28 DB 59 49	mer_sls_amg_10_pp2v1	Mercedes-Benz SLS AMG - Circuit Racer Pack	8E FF 7C 7D
3737659035	9B 26 C8 DE	mer_sls_amg_10_pp2v2	Mercedes-Benz SLS AMG - Circuit Racer Pack	8E FF 7C 7D
358818632	48 23 63 15	mer_sls_amg_10_pp2v3	Mercedes-Benz SLS AMG - Circuit Racer Pack	8E FF 7C 7D
608026217	69 BE 3D 24	mer_sls_amg_10_pp2v4	Mercedes-Benz SLS AMG - Circuit Racer Pack	8E FF 7C 7D
2175277610	2A 1A A8 81	mer_sls_amg_10_pp2v5	Mercedes-Benz SLS AMG - Circuit Racer Pack	8E FF 7C 7D
3573718054	26 9C 02 D5	mer_sls_amg_10_pp2v6	Mercedes-Benz SLS AMG - Circuit Racer Pack	8E FF 7C 7D
1102493931	EB B8 B6 41	mer_sls_amg_10_pp2v7	Mercedes-Benz SLS AMG - Circuit Racer Pack	8E FF 7C 7D
3592555346	52 0B 22 D6	mer_sls_amg_10_pp2v8	Mercedes-Benz SLS AMG - Circuit Racer Pack	8E FF 7C 7D
3990075021	8D B6 D3 ED	mer_sls_amg_10_pp_rare_1	Mercedes-Benz SLS AMG - Signature Ediiton	D3 E0 76 FF
2388012568	18 2E 56 8E	mer_sls_amg_10_pp_stock_1	Mercedes-Benz SLS AMG	00 00 00 00
216225462	B6 56 E3 0C	mer_sls_amg_10_pp_stock_2	Mercedes-Benz SLS AMG	00 00 00 00
2985597040	70 98 F4 B1	mer_sls_amg_10_pp_stock_3	Mercedes-Benz SLS AMG	00 00 00 00
2139572361	89 48 87 7F	mer_sls_amg_10_pp_stock_4	Mercedes-Benz SLS AMG	00 00 00 00
1468032021	15 64 80 57	mer_sls_amg_10_pp_stock_5	Mercedes-Benz SLS AMG	00 00 00 00
679908951	57 96 86 28	mer_sls_amg_10_pp_stock_6	Mercedes-Benz SLS AMG	00 00 00 00
442667406	8E 91 62 1A	mer_sls_amg_10_pp_stock_7	Mercedes-Benz SLS AMG	00 00 00 00
3302971046	A6 56 DF C4	mer_sls_amg_10_pp_stock_8	Mercedes-Benz SLS AMG	00 00 00 00
3367604003	23 8F B9 C8	mer_sls_amg_10_rival	Mercedes-Benz SLS AMG - Signature Ediiton	F9 69 C3 36
3928430091	0B 16 27 EA	mit_evo_x_08	Mitsubishi Lancer Evolution X	00 00 00 00
3951888656	10 09 8D EB	mit_evo_x_08_ai_014	Mitsubishi Lancer Evolution X	33 2B 9E 88
3287147723	CB E4 ED C3	mit_evo_x_08_ai_020	Mitsubishi Lancer Evolution X	33 2B 9E 88
657221135	0F 66 2C 27	mit_evo_x_08_ai_092	Mitsubishi Lancer Evolution X	33 2B 9E 88
1280081410	02 7E 4C 4C	mit_evo_x_08_ai_155	Mitsubishi Lancer Evolution X	33 2B 9E 88
1903450380	0C 59 74 71	mit_evo_x_08_ai_156	Mitsubishi Lancer Evolution X	33 2B 9E 88
1470675068	7C B8 A8 57	mit_evo_x_08_ai_204	Mitsubishi Lancer Evolution X	7F BF DA 3B
2292067123	33 2B 9E 88	mit_evo_x_08_nfs_e	Mitsubishi Lancer Evolution X	33 2B 9E 88
4040269140	54 9D D1 F0	mit_evo_x_08_pp1v1	Mitsubishi Lancer Evolution X - Style Pack 1	D4 29 AB B7
1182070558	1E F7 74 46	mit_evo_x_08_pp1v2	Mitsubishi Lancer Evolution X - Style Pack 1	D4 29 AB B7
2253174110	5E B5 4C 86	mit_evo_x_08_pp1v3	Mitsubishi Lancer Evolution X - Style Pack 1	D4 29 AB B7
778648454	86 3B 69 2E	mit_evo_x_08_pp1v4	Mitsubishi Lancer Evolution X - Style Pack 1	D4 29 AB B7
2532782653	3D 32 F7 96	mit_evo_x_08_pp1v5	Mitsubishi Lancer Evolution X - Style Pack 1	D4 29 AB B7
820615519	5F 99 E9 30	mit_evo_x_08_pp1v6	Mitsubishi Lancer Evolution X - Style Pack 1	D4 29 AB B7
1016325763	83 E6 93 3C	mit_evo_x_08_pp1v7	Mitsubishi Lancer Evolution X - Style Pack 1	D4 29 AB B7
2502714866	F2 65 2C 95	mit_evo_x_08_pp1v8	Mitsubishi Lancer Evolution X - Style Pack 1	D4 29 AB B7
48714562	42 53 E7 02	mit_evo_x_08_pp2v1	Mitsubishi Lancer Evolution X - Time Attack Pack	1A 69 65 A9
2231965096	A8 15 09 85	mit_evo_x_08_pp2v2	Mitsubishi Lancer Evolution X - Time Attack Pack	1A 69 65 A9
1637501284	64 49 9A 61	mit_evo_x_08_pp2v3	Mitsubishi Lancer Evolution X - Time Attack Pack	1A 69 65 A9
1960726400	80 4F DE 74	mit_evo_x_08_pp2v4	Mitsubishi Lancer Evolution X - Time Attack Pack	1A 69 65 A9
2974072391	47 BE 44 B1	mit_evo_x_08_pp2v5	Mitsubishi Lancer Evolution X - Time Attack Pack	1A 69 65 A9
2023829189	C5 2E A1 78	mit_evo_x_08_pp2v6	Mitsubishi Lancer Evolution X - Time Attack Pack	1A 69 65 A9
1170354717	1D 32 C2 45	mit_evo_x_08_pp2v7	Mitsubishi Lancer Evolution X - Time Attack Pack	1A 69 65 A9
1500301306	FA C7 6C 59	mit_evo_x_08_pp2v8	Mitsubishi Lancer Evolution X - Time Attack Pack	1A 69 65 A9
301583646	1E CD F9 11	mit_evo_x_08_pp3v1	Mitsubishi Lancer Evolution X - Aero Pack	BA ED 5C 7C
3725658313	C9 08 11 DE	mit_evo_x_08_pp3v2	Mitsubishi Lancer Evolution X - Aero Pack	BA ED 5C 7C
2075854271	BF 05 BB 7B	mit_evo_x_08_pp3v3	Mitsubishi Lancer Evolution X - Aero Pack	BA ED 5C 7C
2115754285	2D D9 1B 7E	mit_evo_x_08_pp3v4	Mitsubishi Lancer Evolution X - Aero Pack	BA ED 5C 7C
287746349	2D A9 26 11	mit_evo_x_08_pp3v5	Mitsubishi Lancer Evolution X - Aero Pack	BA ED 5C 7C
1972219430	26 AE 8D 75	mit_evo_x_08_pp3v6	Mitsubishi Lancer Evolution X - Aero Pack	BA ED 5C 7C
2051092784	30 31 41 7A	mit_evo_x_08_pp3v7	Mitsubishi Lancer Evolution X - Aero Pack	BA ED 5C 7C
1160583333	A5 18 2D 45	mit_evo_x_08_pp3v8	Mitsubishi Lancer Evolution X - Aero Pack	BA ED 5C 7C
3004153083	FB BC 0F B3	mit_evo_x_08_pp_stock_1	Mitsubishi Lancer Evolution X	00 00 00 00
779609745	91 E6 77 2E	mit_evo_x_08_pp_stock_2	Mitsubishi Lancer Evolution X	00 00 00 00
4210413320	08 CF F5 FA	mit_evo_x_08_pp_stock_3	Mitsubishi Lancer Evolution X	00 00 00 00
404351681	C1 EA 19 18	mit_evo_x_08_pp_stock_4	Mitsubishi Lancer Evolution X	00 00 00 00
3771535624	08 11 CD E0	mit_evo_x_08_pp_stock_5	Mitsubishi Lancer Evolution X	00 00 00 00
3954512730	5A 13 B5 EB	mit_evo_x_08_pp_stock_6	Mitsubishi Lancer Evolution X	00 00 00 00
1705281	41 05 1A 00	mit_evo_x_08_pp_stock_7	Mitsubishi Lancer Evolution X	00 00 00 00
4111813361	F1 4A 15 F5	mit_evo_x_08_pp_stock_8	Mitsubishi Lancer Evolution X	00 00 00 00
1803621372	FC 13 81 6B	nis_240_zg_71	Nissan Fairlady 240ZG (S30)	00 00 00 00
2003853787	DB 61 70 77	nis_240_zg_71_ai_086	Nissan Fairlady 240ZG (S30)	26 D8 8C E2
2155992723	93 D6 81 80	nis_240_zg_71_ai_122	Nissan Fairlady 240ZG (S30)	CC 7F C2 DD
4004575680	C0 F9 B0 EE	nis_240_zg_71_ai_123	Nissan Fairlady 240ZG (S30)	CC 7F C2 DD
2335272314	7A 6D 31 8B	nis_240_zg_71_ai_206	Nissan Fairlady 240ZG (S30)	CC 7F C2 DD
1491506845	9D 96 E6 58	nis_240_zg_71_ai_321	Nissan Fairlady 240ZG (S30)	CC 7F C2 DD
3001286456	38 FF E3 B2	nis_240_zg_71_marketing_1	Nissan Fairlady 240ZG (S30) - Signature Edition	9D 45 D0 0F
1190262596	44 F7 F1 46	nis_240_zg_71_nfs_e	Nissan Fairlady 240ZG (S30) - NFS Edition	44 F7 F1 46
1022752868	64 F8 F5 3C	nis_240_zg_71_pp1v1	Nissan Fairlady 240ZG (S30) - Style Pack 1	9D 38 A5 B7
2933887231	FF 90 DF AE	nis_240_zg_71_pp1v2	Nissan Fairlady 240ZG (S30) - Style Pack 1	9D 38 A5 B7
228167945	09 91 99 0D	nis_240_zg_71_pp1v3	Nissan Fairlady 240ZG (S30) - Style Pack 1	9D 38 A5 B7
2179205416	28 09 E4 81	nis_240_zg_71_pp1v4	Nissan Fairlady 240ZG (S30) - Style Pack 1	9D 38 A5 B7
3835781893	05 63 A1 E4	nis_240_zg_71_pp1v5	Nissan Fairlady 240ZG (S30) - Style Pack 1	9D 38 A5 B7
634250374	86 E4 CD 25	nis_240_zg_71_pp1v6	Nissan Fairlady 240ZG (S30) - Style Pack 1	9D 38 A5 B7
874057756	1C 10 19 34	nis_240_zg_71_pp1v7	Nissan Fairlady 240ZG (S30) - Style Pack 1	9D 38 A5 B7
4034215873	C1 3F 75 F0	nis_240_zg_71_pp1v8	Nissan Fairlady 240ZG (S30) - Style Pack 1	9D 38 A5 B7
1313492407	B7 4D 4A 4E	nis_240_zg_71_pp2v1	Nissan Fairlady 240ZG (S30) - Retro Racer Pack	83 3B DE 14
67489782	F6 CF 05 04	nis_240_zg_71_pp2v2	Nissan Fairlady 240ZG (S30) - Retro Racer Pack	83 3B DE 14
2893445493	75 79 76 AC	nis_240_zg_71_pp2v3	Nissan Fairlady 240ZG (S30) - Retro Racer Pack	83 3B DE 14
3247298772	D4 D8 8D C1	nis_240_zg_71_pp2v4	Nissan Fairlady 240ZG (S30) - Retro Racer Pack	83 3B DE 14
3534917550	AE 8F B2 D2	nis_240_zg_71_pp2v5	Nissan Fairlady 240ZG (S30) - Retro Racer Pack	83 3B DE 14
1699397292	AC BE 4A 65	nis_240_zg_71_pp2v6	Nissan Fairlady 240ZG (S30) - Retro Racer Pack	83 3B DE 14
1303953852	BC C1 B8 4D	nis_240_zg_71_pp2v7	Nissan Fairlady 240ZG (S30) - Retro Racer Pack	83 3B DE 14
2942752484	E4 D6 66 AF	nis_240_zg_71_pp2v8	Nissan Fairlady 240ZG (S30) - Retro Racer Pack	83 3B DE 14
4150176875	6B AC 5E F7	nis_240_zg_71_pp_rare_1	Nissan Fairlady 240ZG (S30) - Signature Edition	F0 96 0C EE
3251408801	A1 8F CC C1	nis_240_zg_71_pp_run	Nissan Fairlady 240ZG (S30) - NFS Edition	A1 8F CC C1
2581711499	8B CA E1 99	nis_240_zg_71_pp_run_garage_car	Nissan Fairlady 240ZG (S30) - NFS Edition	A1 8F CC C1
1793448368	B0 D9 E5 6A	nis_240_zg_71_pp_stock_1	Nissan Fairlady 240ZG (S30)	00 00 00 00
2680795434	2A B1 C9 9F	nis_240_zg_71_pp_stock_2	Nissan Fairlady 240ZG (S30)	00 00 00 00
1653183305	49 93 89 62	nis_240_zg_71_pp_stock_3	Nissan Fairlady 240ZG (S30)	00 00 00 00
2107071804	3C 5D 97 7D	nis_240_zg_71_pp_stock_4	Nissan Fairlady 240ZG (S30)	00 00 00 00
174254050	E2 E7 62 0A	nis_240_zg_71_pp_stock_5	Nissan Fairlady 240ZG (S30)	00 00 00 00
2003942101	D5 BA 71 77	nis_240_zg_71_pp_stock_6	Nissan Fairlady 240ZG (S30)	00 00 00 00
3056380666	FA AA 2C B6	nis_240_zg_71_pp_stock_7	Nissan Fairlady 240ZG (S30)	00 00 00 00
2365200806	A6 19 FA 8C	nis_240_zg_71_pp_stock_8	Nissan Fairlady 240ZG (S30)	00 00 00 00
3935066314	CA 58 8C EA	nis_370_z_09	Nissan 370Z (Z34)	00 00 00 00
423387023	8F 5F 3C 19	nis_370_z_09_adsales_1	Nissan 370Z (Z34) - Signature Edition	3B 11 24 F3
1028240723	53 B5 49 3D	nis_370_z_09_ai_114	Nissan 370Z (Z34)	7E F2 CF 42
1242974798	4E 4A 16 4A	nis_370_z_09_ai_115	Nissan 370Z (Z34)	72 C7 09 54
3471684760	98 B4 ED CE	nis_370_z_09_ai_136	Nissan 370Z (Z34)	7D C9 10 CB
3472622304	E0 02 FC CE	nis_370_z_09_ai_137	Nissan 370Z (Z34)	B1 1C 46 EC
1189526266	FA BA E6 46	nis_370_z_09_ai_163	Nissan 370Z (Z34)	B1 1C 46 EC
4045851596	CC CB 26 F1	nis_370_z_09_ai_258	Nissan 370Z (Z34)	CB B0 05 EE
3488371840	80 54 EC CF	nis_370_z_09_pp1v1	Nissan 370Z (Z34) - Style Pack 1	70 2E 2C 73
1165599172	C4 A1 79 45	nis_370_z_09_pp1v2	Nissan 370Z (Z34) - Style Pack 1	70 2E 2C 73
2913025133	6D 3C A1 AD	nis_370_z_09_pp1v3	Nissan 370Z (Z34) - Style Pack 1	70 2E 2C 73
3384584182	F6 A7 BC C9	nis_370_z_09_pp1v4	Nissan 370Z (Z34) - Style Pack 1	70 2E 2C 73
3971722434	C2 AC BB EC	nis_370_z_09_pp1v5	Nissan 370Z (Z34) - Style Pack 1	70 2E 2C 73
1960429708	8C C8 D9 74	nis_370_z_09_pp1v6	Nissan 370Z (Z34) - Style Pack 1	70 2E 2C 73
2021356347	3B 73 7B 78	nis_370_z_09_pp1v7	Nissan 370Z (Z34) - Style Pack 1	70 2E 2C 73
2955619299	E3 2B 2B B0	nis_370_z_09_pp1v8	Nissan 370Z (Z34) - Style Pack 1	70 2E 2C 73
514593570	22 13 AC 1E	nis_370_z_09_pp2v1	Nissan 370Z (Z34) - Style Pack 2	38 48 2B 41
2182748294	86 18 1A 82	nis_370_z_09_pp2v2	Nissan 370Z (Z34) - Style Pack 2	38 48 2B 41
3948554714	DA 29 5A EB	nis_370_z_09_pp2v3	Nissan 370Z (Z34) - Style Pack 2	38 48 2B 41
3893380031	BF 43 10 E8	nis_370_z_09_pp2v4	Nissan 370Z (Z34) - Style Pack 2	38 48 2B 41
2302611117	AD 0E 3F 89	nis_370_z_09_pp2v5	Nissan 370Z (Z34) - Style Pack 2	38 48 2B 41
1578908002	62 39 1C 5E	nis_370_z_09_pp2v6	Nissan 370Z (Z34) - Style Pack 2	38 48 2B 41
3980289669	85 66 3E ED	nis_370_z_09_pp2v7	Nissan 370Z (Z34) - Style Pack 2	38 48 2B 41
4161235698	F2 6A 07 F8	nis_370_z_09_pp2v8	Nissan 370Z (Z34) - Style Pack 2	38 48 2B 41
2762150112	E0 10 A3 A4	nis_370_z_09_pp3v1	Nissan 370Z (Z34) - Aero Pack	22 82 3C 64
1178871336	28 26 44 46	nis_370_z_09_pp3v2	Nissan 370Z (Z34) - Aero Pack	22 82 3C 64
1918347875	63 AA 57 72	nis_370_z_09_pp3v3	Nissan 370Z (Z34) - Aero Pack	22 82 3C 64
3135159179	8B BB DE BA	nis_370_z_09_pp3v4	Nissan 370Z (Z34) - Aero Pack	22 82 3C 64
4008155704	38 9A E7 EE	nis_370_z_09_pp3v5	Nissan 370Z (Z34) - Aero Pack	22 82 3C 64
3459283751	27 7B 30 CE	nis_370_z_09_pp3v6	Nissan 370Z (Z34) - Aero Pack	22 82 3C 64
1480355273	C9 6D 3C 58	nis_370_z_09_pp3v7	Nissan 370Z (Z34) - Aero Pack	22 82 3C 64
1128695211	AB 85 46 43	nis_370_z_09_pp3v8	Nissan 370Z (Z34) - Aero Pack	22 82 3C 64
794975903	9F 5E 62 2F	nis_370_z_09_pp_rare_1	Nissan 370Z (Z34) - Signature Edition	4D DD 07 EF
4225104048	B0 F8 D5 FB	nis_370_z_09_pp_rival_1	Nissan 370Z (Z34) - Signature Edition	7E F2 CF 42
2151677351	A7 FD 3F 80	nis_370_z_09_pp_rival_2	Nissan 370Z (Z34) - Signature Edition	72 C7 09 54
3231208053	75 52 98 C0	nis_370_z_09_pp_stock_1	Nissan 370Z (Z34)	00 00 00 00
2656445332	94 23 56 9E	nis_370_z_09_pp_stock_2	Nissan 370Z (Z34)	00 00 00 00
3846449541	85 29 44 E5	nis_370_z_09_pp_stock_3	Nissan 370Z (Z34)	00 00 00 00
2133440968	C8 B9 29 7F	nis_370_z_09_pp_stock_4	Nissan 370Z (Z34)	00 00 00 00
2545251127	37 73 B5 97	nis_370_z_09_pp_stock_5	Nissan 370Z (Z34)	00 00 00 00
486318944	60 A3 FC 1C	nis_370_z_09_pp_stock_6	Nissan 370Z (Z34)	00 00 00 00
3670437380	04 6E C6 DA	nis_370_z_09_pp_stock_7	Nissan 370Z (Z34)	00 00 00 00
271627016	08 B3 30 10	nis_370_z_09_pp_stock_8	Nissan 370Z (Z34)	00 00 00 00
1460344908	4C 18 0B 57	nis_370_z_09_presale_1	Nissan 370Z (Z34) - Signature Edition	F0 60 D3 19
1412202905	99 81 2C 54	nis_gtr_r32_91	Nissan Skyline GT-R (R32)	00 00 00 00
2383789778	D2 BE 15 8E	nis_gtr_r32_91_ai_030	Nissan Skyline GT-R (R32)	94 60 61 3A
3213692963	23 10 8D BF	nis_gtr_r32_91_ai_031	Nissan Skyline GT-R (R32)	94 60 61 3A
1335793809	91 98 9E 4F	nis_gtr_r32_91_ai_088	Nissan Skyline GT-R (R32)	94 60 61 3A
1663746137	59 C0 2A 63	nis_gtr_r32_91_ai_128	Nissan Skyline GT-R (R32)	3C 7D B4 82
3936426829	4D 1B A1 EA	nis_gtr_r32_91_ai_129	Nissan Skyline GT-R (R32)	3C 7D B4 82
3171540018	32 DC 09 BD	nis_gtr_r32_91_ai_157	Nissan Skyline GT-R (R32)	3C 7D B4 82
2719936099	63 EE 1E A2	nis_gtr_r32_91_ai_158	Nissan Skyline GT-R (R32)	3C 7D B4 82
105301949	BD C7 46 06	nis_gtr_r32_91_pp1v1	Nissan Skyline GT-R (R32) - Style Pack 1	6E 31 26 7B
2962601989	05 B8 95 B0	nis_gtr_r32_91_pp1v2	Nissan Skyline GT-R (R32) - Style Pack 1	6E 31 26 7B
4197886475	0B AA 36 FA	nis_gtr_r32_91_pp1v3	Nissan Skyline GT-R (R32) - Style Pack 1	6E 31 26 7B
398429017	59 8B BF 17	nis_gtr_r32_91_pp1v4	Nissan Skyline GT-R (R32) - Style Pack 1	6E 31 26 7B
3364053120	80 60 83 C8	nis_gtr_r32_91_pp1v5	Nissan Skyline GT-R (R32) - Style Pack 1	6E 31 26 7B
45832561	71 59 BB 02	nis_gtr_r32_91_pp1v6	Nissan Skyline GT-R (R32) - Style Pack 1	6E 31 26 7B
4184635641	F9 78 6C F9	nis_gtr_r32_91_pp1v7	Nissan Skyline GT-R (R32) - Style Pack 1	6E 31 26 7B
4280218267	9B F2 1E FF	nis_gtr_r32_91_pp1v8	Nissan Skyline GT-R (R32) - Style Pack 1	6E 31 26 7B
1205540150	36 15 DB 47	nis_gtr_r32_91_pp2v1	Nissan Skyline GT-R (R32) - Track Day Racer Pack	2B FC 88 F5
1293040713	49 3C 12 4D	nis_gtr_r32_91_pp2v2	Nissan Skyline GT-R (R32) - Track Day Racer Pack	2B FC 88 F5
1270484213	F5 0C BA 4B	nis_gtr_r32_91_pp2v3	Nissan Skyline GT-R (R32) - Track Day Racer Pack	2B FC 88 F5
1828140715	AB 36 F7 6C	nis_gtr_r32_91_pp2v4	Nissan Skyline GT-R (R32) - Track Day Racer Pack	2B FC 88 F5
1669937863	C7 3A 89 63	nis_gtr_r32_91_pp2v5	Nissan Skyline GT-R (R32) - Track Day Racer Pack	2B FC 88 F5
1920680000	40 40 7B 72	nis_gtr_r32_91_pp2v6	Nissan Skyline GT-R (R32) - Track Day Racer Pack	2B FC 88 F5
3047250225	31 59 A1 B5	nis_gtr_r32_91_pp2v7	Nissan Skyline GT-R (R32) - Track Day Racer Pack	2B FC 88 F5
2790232515	C3 91 4F A6	nis_gtr_r32_91_pp2v8	Nissan Skyline GT-R (R32) - Track Day Racer Pack	2B FC 88 F5
1279882972	DC 76 49 4C	nis_gtr_r32_91_pp_rare_1	Nissan Skyline GT-R (R32) - Signature Edition	DB AD E4 33
3686020850	F2 36 B4 DB	nis_gtr_r32_91_pp_stock_1	Nissan Skyline GT-R (R32)	00 00 00 00
3692805505	81 BD 1B DC	nis_gtr_r32_91_pp_stock_2	Nissan Skyline GT-R (R32)	00 00 00 00
3648836524	AC D3 7C D9	nis_gtr_r32_91_pp_stock_3	Nissan Skyline GT-R (R32)	00 00 00 00
3641923916	4C 59 13 D9	nis_gtr_r32_91_pp_stock_4	Nissan Skyline GT-R (R32)	00 00 00 00
362825325	6D 46 A0 15	nis_gtr_r32_91_pp_stock_5	Nissan Skyline GT-R (R32)	00 00 00 00
2370502395	FB FE 4A 8D	nis_gtr_r32_91_pp_stock_6	Nissan Skyline GT-R (R32)	00 00 00 00
2424762611	F3 F0 86 90	nis_gtr_r32_91_pp_stock_7	Nissan Skyline GT-R (R32)	00 00 00 00
2404520384	C0 11 52 8F	nis_gtr_r32_91_pp_stock_8	Nissan Skyline GT-R (R32)	00 00 00 00
1851197596	9C 08 57 6E	nis_gtr_r32_91_presale_1	Nissan Skyline GT-R (R32) - Signature Edition	4B 0B A6 1A
1525945773	AD 15 F4 5A	nis_gtr_r35_08	Nissan GT-R (R35)	00 00 00 00
4021125180	3C 80 AD EF	nis_gtr_r35_08_pp1v1	Nissan GT-R (R35) - Style Pack 1	D1 0F B2 CE
1338160541	9D B5 C2 4F	nis_gtr_r35_08_pp1v2	Nissan GT-R (R35) - Style Pack 1	D1 0F B2 CE
1267351127	57 3E 8A 4B	nis_gtr_r35_08_pp1v3	Nissan GT-R (R35) - Style Pack 1	D1 0F B2 CE
2210956627	53 85 C8 83	nis_gtr_r35_08_pp1v4	Nissan GT-R (R35) - Style Pack 1	D1 0F B2 CE
1143977279	3F B5 2F 44	nis_gtr_r35_08_pp1v5	Nissan GT-R (R35) - Style Pack 1	D1 0F B2 CE
1914163144	C8 CF 17 72	nis_gtr_r35_08_pp1v6	Nissan GT-R (R35) - Style Pack 1	D1 0F B2 CE
2936409647	2F 0E 06 AF	nis_gtr_r35_08_pp1v7	Nissan GT-R (R35) - Style Pack 1	D1 0F B2 CE
155119153	31 EE 3E 09	nis_gtr_r35_08_pp1v8	Nissan GT-R (R35) - Style Pack 1	D1 0F B2 CE
1200704172	AC 4A 91 47	nis_gtr_r35_08_pp2v1	Nissan GT-R (R35) - Style Pack 2	75 22 87 45
2470145204	B4 6C 3B 93	nis_gtr_r35_08_pp2v2	Nissan GT-R (R35) - Style Pack 2	75 22 87 45
1670911544	38 16 98 63	nis_gtr_r35_08_pp2v3	Nissan GT-R (R35) - Style Pack 2	75 22 87 45
1606160300	AC 0F BC 5F	nis_gtr_r35_08_pp2v4	Nissan GT-R (R35) - Style Pack 2	75 22 87 45
2987769644	2C BF 15 B2	nis_gtr_r35_08_pp2v5	Nissan GT-R (R35) - Style Pack 2	75 22 87 45
281421583	0F 27 C6 10	nis_gtr_r35_08_pp2v6	Nissan GT-R (R35) - Style Pack 2	75 22 87 45
2093278921	C9 E6 C4 7C	nis_gtr_r35_08_pp2v7	Nissan GT-R (R35) - Style Pack 2	75 22 87 45
2626169307	DB 29 88 9C	nis_gtr_r35_08_pp2v8	Nissan GT-R (R35) - Style Pack 2	75 22 87 45
1586997540	24 A9 97 5E	nis_gtr_r35_08_pp3v1	Nissan GT-R (R35) - Racer Pack	91 9B EC C5
2606758230	56 F9 5F 9B	nis_gtr_r35_08_pp3v2	Nissan GT-R (R35) - Racer Pack	91 9B EC C5
2108188548	84 67 A8 7D	nis_gtr_r35_08_pp3v3	Nissan GT-R (R35) - Racer Pack	91 9B EC C5
403735310	0E 83 10 18	nis_gtr_r35_08_pp3v4	Nissan GT-R (R35) - Racer Pack	91 9B EC C5
3706285389	4D 6D E9 DC	nis_gtr_r35_08_pp3v5	Nissan GT-R (R35) - Racer Pack	91 9B EC C5
2693366701	AD 83 89 A0	nis_gtr_r35_08_pp3v6	Nissan GT-R (R35) - Racer Pack	91 9B EC C5
1974945303	17 46 B7 75	nis_gtr_r35_08_pp3v7	Nissan GT-R (R35) - Racer Pack	91 9B EC C5
3882410114	82 E0 68 E7	nis_gtr_r35_08_pp3v8	Nissan GT-R (R35) - Racer Pack	91 9B EC C5
1264558075	FB 9F 5F 4B	nis_gtr_r35_08_pp_stock_1	Nissan GT-R (R35)	00 00 00 00
1511061930	AA F9 10 5A	nis_gtr_r35_08_pp_stock_2	Nissan GT-R (R35)	00 00 00 00
360109402	5A D5 76 15	nis_gtr_r35_08_pp_stock_3	Nissan GT-R (R35)	00 00 00 00
833855488	00 A0 B3 31	nis_gtr_r35_08_pp_stock_4	Nissan GT-R (R35)	00 00 00 00
3135983779	A3 50 EB BA	nis_gtr_r35_08_pp_stock_5	Nissan GT-R (R35)	00 00 00 00
3846084678	46 98 3E E5	nis_gtr_stk_73	Nissan Skyline 2000GT-R (C10)	00 00 00 00
2463598039	D7 85 D7 92	nis_gtr_stk_73_ai_089	Nissan Skyline 2000GT-R (C10)	57 9A 1E 36
1473954276	E4 C1 DA 57	nis_gtr_stk_73_ai_146	Nissan Skyline 2000GT-R (C10)	57 9A 1E 36
1553591204	A4 EB 99 5C	nis_gtr_stk_73_ai_279	Nissan Skyline 2000GT-R (C10)	57 9A 1E 36
2588383386	9A 98 47 9A	nis_gtr_stk_73_ai_280	Nissan Skyline 2000GT-R (C10)	57 9A 1E 36
907975255	57 9A 1E 36	nis_gtr_stk_73_nfs_e	Nissan Skyline 2000GT-R (C10) - NFS Edition	51 C1 C9 80
2344883827	73 16 C4 8B	nis_gtr_stk_73_pp1v1	Nissan Skyline 2000GT-R (C10) - Style Pack 1	FE 4E D0 76
3553819558	A6 FB D2 D3	nis_gtr_stk_73_pp1v2	Nissan Skyline 2000GT-R (C10) - Style Pack 1	FE 4E D0 76
447056626	F2 8A A5 1A	nis_gtr_stk_73_pp1v3	Nissan Skyline 2000GT-R (C10) - Style Pack 1	FE 4E D0 76
2697282163	73 42 C5 A0	nis_gtr_stk_73_pp1v4	Nissan Skyline 2000GT-R (C10) - Style Pack 1	FE 4E D0 76
1852931684	64 7E 71 6E	nis_gtr_stk_73_pp1v5	Nissan Skyline 2000GT-R (C10) - Style Pack 1	FE 4E D0 76
2520749125	45 94 3F 96	nis_gtr_stk_73_pp1v6	Nissan Skyline 2000GT-R (C10) - Style Pack 1	FE 4E D0 76
3264481832	28 0A 94 C2	nis_gtr_stk_73_pp1v7	Nissan Skyline 2000GT-R (C10) - Style Pack 1	FE 4E D0 76
456015687	47 3F 2E 1B	nis_gtr_stk_73_pp1v8	Nissan Skyline 2000GT-R (C10) - Style Pack 1	FE 4E D0 76
621579381	75 8C 0C 25	nis_gtr_stk_73_pp2v1	Nissan Skyline 2000GT-R (C10) - Retro Racer Pack	C0 D3 0C F6
724264447	FF 65 2B 2B	nis_gtr_stk_73_pp2v2	Nissan Skyline 2000GT-R (C10) - Retro Racer Pack	C0 D3 0C F6
3902544013	8D 18 9C E8	nis_gtr_stk_73_pp2v3	Nissan Skyline 2000GT-R (C10) - Retro Racer Pack	C0 D3 0C F6
1205554504	48 4D DB 47	nis_gtr_stk_73_pp2v4	Nissan Skyline 2000GT-R (C10) - Retro Racer Pack	C0 D3 0C F6
1411639019	EB E6 23 54	nis_gtr_stk_73_pp2v5	Nissan Skyline 2000GT-R (C10) - Retro Racer Pack	C0 D3 0C F6
3775401706	EA 0E 08 E1	nis_gtr_stk_73_pp2v6	Nissan Skyline 2000GT-R (C10) - Retro Racer Pack	C0 D3 0C F6
1422911532	2C E8 CF 54	nis_gtr_stk_73_pp2v7	Nissan Skyline 2000GT-R (C10) - Retro Racer Pack	C0 D3 0C F6
2067453050	7A D4 3A 7B	nis_gtr_stk_73_pp2v8	Nissan Skyline 2000GT-R (C10) - Retro Racer Pack	C0 D3 0C F6
1203603962	FA 89 BD 47	nis_gtr_stk_73_pp_rare_1	Nissan Skyline 2000GT-R (C10) - Signature Edition	8E B4 6A 63
3245189596	DC A9 6D C1	nis_gtr_stk_73_pp_stock_1	Nissan Skyline 2000GT-R (C10)	00 00 00 00
4154641755	5B CD A2 F7	nis_gtr_stk_73_pp_stock_2	Nissan Skyline 2000GT-R (C10)	00 00 00 00
1478693012	94 10 23 58	nis_gtr_stk_73_pp_stock_3	Nissan Skyline 2000GT-R (C10)	00 00 00 00
761082798	AE 33 5D 2D	nis_gtr_stk_73_pp_stock_4	Nissan Skyline 2000GT-R (C10)	00 00 00 00
1526172372	D4 8A F7 5A	nis_gtr_stk_73_pp_stock_5	Nissan Skyline 2000GT-R (C10)	00 00 00 00
432743829	95 25 CB 19	nis_gtr_stk_73_pp_stock_6	Nissan Skyline 2000GT-R (C10)	00 00 00 00
612501851	5B 09 82 24	nis_gtr_stk_73_pp_stock_7	Nissan Skyline 2000GT-R (C10)	00 00 00 00
1492908884	54 FB FB 58	nis_gtr_stk_73_pp_stock_8	Nissan Skyline 2000GT-R (C10)	00 00 00 00
3002164995	03 67 F1 B2	nis_gtr_v_10	Nissan GT-R SpecV (R35)	00 00 00 00
2924052145	B1 7E 49 AE	nis_gtr_v_10_ai_018	Nissan GT-R SpecV (R35)	03 67 F1 B2
877774352	10 C6 51 34	nis_gtr_v_10_ai_159	Nissan GT-R SpecV (R35)	00 00 00 00
3549823684	C4 02 96 D3	nis_gtr_v_10_ai_160	Nissan GT-R SpecV (R35)	00 00 00 00
2497614128	30 91 DE 94	nis_gtr_v_10_ai_193	Nissan GT-R SpecV (R35)	00 00 00 00
1041354761	09 D0 11 3E	nis_gtr_v_10_ai_194	Nissan GT-R SpecV (R35)	00 00 00 00
3914415322	DA 3C 51 E9	nis_gtr_v_10_ai_216	Nissan GT-R SpecV (R35)	F4 36 0B BF
2798233978	7A A9 C9 A6	nis_gtr_v_10_ai_238	Nissan GT-R SpecV (R35)	C8 8B 19 B5
4201754403	23 AF 71 FA	nis_gtr_v_10_ai_245	Nissan GT-R SpecV (R35)	8E 5F 72 80
1214321547	8B 13 61 48	nis_gtr_v_10_ai_302	Nissan GT-R SpecV (R35)	F4 36 0B BF
1956996961	61 67 A5 74	nis_gtr_v_10_ai_303	Nissan GT-R SpecV (R35)	F4 36 0B BF
2056341605	65 48 91 7A	nis_gtr_v_10_nfs_e	Nissan GT-R (R35) - NFS Edition	65 48 91 7A
1114741255	07 9A 71 42	nis_gtr_v_10_pp1v1	Nissan GT-R SpecV (R35) - Style Pack 1	11 46 30 52
2906217563	5B 5C 39 AD	nis_gtr_v_10_pp1v2	Nissan GT-R SpecV (R35) - Style Pack 1	11 46 30 52
1860559693	4D E3 E5 6E	nis_gtr_v_10_pp1v3	Nissan GT-R SpecV (R35) - Style Pack 1	11 46 30 52
3088485922	22 8E 16 B8	nis_gtr_v_10_pp1v4	Nissan GT-R SpecV (R35) - Style Pack 1	11 46 30 52
901790013	3D 39 C0 35	nis_gtr_v_10_pp1v5	Nissan GT-R SpecV (R35) - Style Pack 1	11 46 30 52
1342830681	59 F8 09 50	nis_gtr_v_10_pp1v6	Nissan GT-R SpecV (R35) - Style Pack 1	11 46 30 52
2609715931	DB 1A 8D 9B	nis_gtr_v_10_pp1v7	Nissan GT-R SpecV (R35) - Style Pack 1	11 46 30 52
4179439559	C7 2F 1D F9	nis_gtr_v_10_pp1v8	Nissan GT-R SpecV (R35) - Style Pack 1	11 46 30 52
1923031885	4D 23 9F 72	nis_gtr_v_10_pp2v1	Nissan GT-R SpecV (R35) - Style Pack 2	D4 52 62 43
1569597502	3E 28 8E 5D	nis_gtr_v_10_pp2v2	Nissan GT-R SpecV (R35) - Style Pack 2	D4 52 62 43
3335607737	B9 55 D1 C6	nis_gtr_v_10_pp2v3	Nissan GT-R SpecV (R35) - Style Pack 2	D4 52 62 43
2347791509	95 74 F0 8B	nis_gtr_v_10_pp2v4	Nissan GT-R SpecV (R35) - Style Pack 2	D4 52 62 43
978058455	D7 FC 4B 3A	nis_gtr_v_10_pp2v5	Nissan GT-R SpecV (R35) - Style Pack 2	D4 52 62 43
3736901383	07 97 BC DE	nis_gtr_v_10_pp2v6	Nissan GT-R SpecV (R35) - Style Pack 2	D4 52 62 43
1476481628	5C 52 01 58	nis_gtr_v_10_pp2v7	Nissan GT-R SpecV (R35) - Style Pack 2	D4 52 62 43
1419225212	7C A8 97 54	nis_gtr_v_10_pp2v8	Nissan GT-R SpecV (R35) - Style Pack 2	D4 52 62 43
1719428294	C6 64 7C 66	nis_gtr_v_10_pp3v1	Nissan GT-R SpecV (R35) - Time Attack Pack	F8 2C 53 2C
1030686517	35 07 6F 3D	nis_gtr_v_10_pp3v2	Nissan GT-R SpecV (R35) - Time Attack Pack	F8 2C 53 2C
2857248578	42 27 4E AA	nis_gtr_v_10_pp3v3	Nissan GT-R SpecV (R35) - Time Attack Pack	F8 2C 53 2C
3678364515	63 63 3F DB	nis_gtr_v_10_pp3v4	Nissan GT-R SpecV (R35) - Time Attack Pack	F8 2C 53 2C
3822079653	A5 4E D0 E3	nis_gtr_v_10_pp3v5	Nissan GT-R SpecV (R35) - Time Attack Pack	F8 2C 53 2C
4119710830	6E CC 8D F5	nis_gtr_v_10_pp3v6	Nissan GT-R SpecV (R35) - Time Attack Pack	F8 2C 53 2C
1096105538	42 3E 55 41	nis_gtr_v_10_pp3v7	Nissan GT-R SpecV (R35) - Time Attack Pack	F8 2C 53 2C
2154105665	41 0B 65 80	nis_gtr_v_10_pp3v8	Nissan GT-R SpecV (R35) - Time Attack Pack	F8 2C 53 2C
528049014	76 63 79 1F	nis_gtr_v_10_pp_rare_1	Nissan GT-R (R35) - Signature Edition	A4 32 67 65
501327745	81 A7 E1 1D	nis_gtr_v_10_pp_run	Nissan GT-R (R35) - Signature Edition	A9 5F 58 1A
332754079	9F 6C D5 13	nis_gtr_v_10_pp_stock_1	Nissan GT-R SpecV (R35)	00 00 00 00
523078012	7C 89 2D 1F	nis_gtr_v_10_pp_stock_2	Nissan GT-R SpecV (R35)	00 00 00 00
566641552	90 43 C6 21	nis_gtr_v_10_pp_stock_3	Nissan GT-R SpecV (R35)	00 00 00 00
2495925062	46 CB C4 94	nis_gtr_v_10_pp_stock_4	Nissan GT-R SpecV (R35)	00 00 00 00
1367228262	66 3F 7E 51	nis_gtr_v_10_pp_stock_5	Nissan GT-R SpecV (R35)	00 00 00 00
1408655202	62 5F F6 53	nis_s14_a_97	Nissan 200SX (S14)	00 00 00 00
2064413554	72 73 0C 7B	nis_s14_a_97_adsales_1	Nissan 200SX (S14) - Signature Edition	85 88 9A D3
2814757837	CD CB C5 A7	nis_s14_a_97_ai_001	Nissan 200SX (S14)	31 91 D4 32
2995763490	22 B9 8F B2	nis_s14_a_97_ai_016	Nissan 200SX (S14)	31 91 D4 32
2752798600	88 5F 14 A4	nis_s14_a_97_ai_211	Nissan 200SX (S14)	31 91 D4 32
1291120942	2E F1 F4 4C	nis_s14_a_97_ai_275	Nissan 200SX (S14)	31 91 D4 32
2509207547	FB 77 8F 95	nis_s14_a_97_ai_276	Nissan 200SX (S14)	31 91 D4 32
622079570	52 2E 14 25	nis_s14_a_97_ai_287	Nissan 200SX (S14)	31 91 D4 32
3235242236	FC E0 D5 C0	nis_s14_a_97_ai_288	Nissan 200SX (S14)	31 91 D4 32
852791601	31 91 D4 32	nis_s14_a_97_nfs_e	Nissan 200SX (S14) - NFS Edition	31 91 D4 32
1236737617	51 1E B7 49	nis_s14_a_97_pp1v1	Nissan 200SX (S14) - Style Pack 1	E7 C7 04 72
3297614510	AE 9A 8D C4	nis_s14_a_97_pp1v2	Nissan 200SX (S14) - Style Pack 1	E7 C7 04 72
3596619685	A5 0F 60 D6	nis_s14_a_97_pp1v3	Nissan 200SX (S14) - Style Pack 1	E7 C7 04 72
2912682454	D6 01 9C AD	nis_s14_a_97_pp1v4	Nissan 200SX (S14) - Style Pack 1	E7 C7 04 72
517051123	F3 92 D1 1E	nis_s14_a_97_pp1v5	Nissan 200SX (S14) - Style Pack 1	E7 C7 04 72
1763282018	62 8C 19 69	nis_s14_a_97_pp1v6	Nissan 200SX (S14) - Style Pack 1	E7 C7 04 72
96178771	53 92 BB 05	nis_s14_a_97_pp1v7	Nissan 200SX (S14) - Style Pack 1	E7 C7 04 72
1356890724	64 82 E0 50	nis_s14_a_97_pp1v8	Nissan 200SX (S14) - Style Pack 1	E7 C7 04 72
185967747	83 A4 15 0B	nis_s14_a_97_pp2v1	Nissan 200SX (S14) - Tuner Pack	D4 2E E4 83
3223908346	FA EF 28 C0	nis_s14_a_97_pp2v2	Nissan 200SX (S14) - Tuner Pack	D4 2E E4 83
2014800350	DE 69 17 78	nis_s14_a_97_pp2v3	Nissan 200SX (S14) - Tuner Pack	D4 2E E4 83
3474908292	84 E4 1E CF	nis_s14_a_97_pp2v4	Nissan 200SX (S14) - Tuner Pack	D4 2E E4 83
2173570557	FD 0D 8E 81	nis_s14_a_97_pp2v5	Nissan 200SX (S14) - Tuner Pack	D4 2E E4 83
3631296099	63 2E 71 D8	nis_s14_a_97_pp2v6	Nissan 200SX (S14) - Tuner Pack	D4 2E E4 83
2968774967	37 E9 F3 B0	nis_s14_a_97_pp2v7	Nissan 200SX (S14) - Tuner Pack	D4 2E E4 83
3179365976	58 46 81 BD	nis_s14_a_97_pp2v8	Nissan 200SX (S14) - Tuner Pack	D4 2E E4 83
2154361069	ED F0 68 80	nis_s14_a_97_pp3v1	Nissan 200SX (S14) - Drifting Pack	6E C1 8B 40
3130531977	89 20 98 BA	nis_s14_a_97_pp3v2	Nissan 200SX (S14) - Drifting Pack	6E C1 8B 40
970637250	C2 BF DA 39	nis_s14_a_97_pp3v3	Nissan 200SX (S14) - Drifting Pack	6E C1 8B 40
2141092191	5F 79 9E 7F	nis_s14_a_97_pp3v4	Nissan 200SX (S14) - Drifting Pack	6E C1 8B 40
1026167114	4A 11 2A 3D	nis_s14_a_97_pp3v5	Nissan 200SX (S14) - Drifting Pack	6E C1 8B 40
2882412952	98 21 CE AB	nis_s14_a_97_pp3v6	Nissan 200SX (S14) - Drifting Pack	6E C1 8B 40
1266159466	6A 0F 78 4B	nis_s14_a_97_pp3v7	Nissan 200SX (S14) - Drifting Pack	6E C1 8B 40
375799496	C8 3E 66 16	nis_s14_a_97_pp3v8	Nissan 200SX (S14) - Drifting Pack	6E C1 8B 40
1409617150	FE 0C 05 54	nis_s14_a_97_pp_rare_1	Nissan 200SX (S14) - Signature Edition	36 75 AA 6A
2604553166	CE 53 3E 9B	nis_s14_a_97_pp_stock_1	Nissan 200SX (S14)	62 5F F6 53
3874314692	C4 59 ED E6	nis_s14_a_97_pp_stock_2	Nissan 200SX (S14)	00 00 00 00
2802420719	EF 8B 09 A7	nis_s14_a_97_pp_stock_3	Nissan 200SX (S14)	00 00 00 00
4170138417	31 43 8F F8	nis_s14_a_97_pp_stock_4	Nissan 200SX (S14)	00 00 00 00
1930173700	04 1D 0C 73	nis_s14_a_97_pp_stock_5	Nissan 200SX (S14)	00 00 00 00
3322475057	31 F2 08 C6	nis_s14_a_97_pp_stock_6	Nissan 200SX (S14)	00 00 00 00
4015386987	6B F1 55 EF	nis_s14_a_97_pp_stock_7	Nissan 200SX (S14)	00 00 00 00
3345915973	45 A0 6E C7	nis_s14_a_97_pp_stock_8	Nissan 200SX (S14)	00 00 00 00
3056673993	C9 24 31 B6	pag_hua_stk_11	Pagani Huayra	00 00 00 00
272462180	64 71 3D 10	pag_hua_stk_11_ai_260	Pagani Huayra	00 00 00 00
238433599	3F 35 36 0E	pag_hua_stk_11_pp1v1	Pagani Huayra - Style Pack 1	CF 08 74 DE
3388131117	2D C7 F2 C9	pag_hua_stk_11_pp1v2	Pagani Huayra - Style Pack 1	CF 08 74 DE
270572032	00 9A 20 10	pag_hua_stk_11_pp1v3	Pagani Huayra - Style Pack 1	CF 08 74 DE
429465421	4D 1F 99 19	pag_hua_stk_11_pp1v4	Pagani Huayra - Style Pack 1	CF 08 74 DE
1363587384	38 B1 46 51	pag_hua_stk_11_pp1v5	Pagani Huayra - Style Pack 1	CF 08 74 DE
2904320215	D7 68 1C AD	pag_hua_stk_11_pp1v6	Pagani Huayra - Style Pack 1	CF 08 74 DE
533716564	54 DE CF 1F	pag_hua_stk_11_pp1v7	Pagani Huayra - Style Pack 1	CF 08 74 DE
1368115291	5B C8 8B 51	pag_hua_stk_11_pp1v8	Pagani Huayra - Style Pack 1	CF 08 74 DE
1008774409	09 AD 20 3C	pag_hua_stk_11_pp2v1	Pagani Huayra - Aero Pack	F3 CE B7 AA
3263622175	1F EC 86 C2	pag_hua_stk_11_pp2v2	Pagani Huayra - Aero Pack	F3 CE B7 AA
911442981	25 84 53 36	pag_hua_stk_11_pp2v3	Pagani Huayra - Aero Pack	F3 CE B7 AA
1504752564	B4 B3 B0 59	pag_hua_stk_11_pp2v4	Pagani Huayra - Aero Pack	F3 CE B7 AA
2112395282	12 98 E8 7D	pag_hua_stk_11_pp2v5	Pagani Huayra - Aero Pack	F3 CE B7 AA
3901405701	05 BA 8A E8	pag_hua_stk_11_pp2v6	Pagani Huayra - Aero Pack	F3 CE B7 AA
934423389	5D 2B B2 37	pag_hua_stk_11_pp2v7	Pagani Huayra - Aero Pack	F3 CE B7 AA
885036472	B8 95 C0 34	pag_hua_stk_11_pp2v8	Pagani Huayra - Aero Pack	F3 CE B7 AA
2149624056	F8 A8 20 80	pag_hua_stk_11_pp_rare_1	Pagani Huayra - Signature Edition	88 DB C6 6B
671513072	F0 79 06 28	pag_hua_stk_11_pp_run	Pagani Huayra - NFS Edition	88 DB C6 6B
801824035	23 DD CA 2F	pag_hua_stk_11_pp_stock_1	Pagani Huayra	00 00 00 00
3644372353	81 B5 38 D9	pag_hua_stk_11_pp_stock_2	Pagani Huayra	00 00 00 00
1000995635	33 FB A9 3B	pag_hua_stk_11_pp_stock_3	Pagani Huayra	00 00 00 00
2301704731	1B 3A 31 89	pag_hua_stk_11_pp_stock_4	Pagani Huayra	00 00 00 00
1033940261	25 AD A0 3D	pag_hua_stk_11_pp_stock_5	Pagani Huayra	00 00 00 00
2259031478	B6 15 A6 86	pag_hua_stk_11_pp_stock_6	Pagani Huayra	00 00 00 00
1536272541	9D A8 91 5B	pag_hua_stk_11_pp_stock_7	Pagani Huayra	00 00 00 00
2571694936	58 F3 48 99	pag_hua_stk_11_pp_stock_8	Pagani Huayra	00 00 00 00
3118547014	46 40 E1 B9	pag_zon_cin_10	Pagani Zonda Cinque	00 00 00 00
3156570098	F2 6F 25 BC	pag_zon_cin_10_ai_256	Pagani Zonda Cinque	00 00 00 00
2543953143	F7 A4 A1 97	pag_zon_cin_10_ai_263	Pagani Zonda Cinque	00 00 00 00
3586973849	99 E0 CC D5	pag_zon_cin_10_ai_308	Pagani Zonda Cinque	1C 46 B9 D2
3229489595	BB 19 7E C0	pag_zon_cin_10_ai_309	Pagani Zonda Cinque	70 A5 31 06
749556118	96 51 AD 2C	pag_zon_cin_10_pp1v1	Pagani Zonda Cinque - Style Pack 1	1C 46 B9 D2
2979651631	2F E0 99 B1	pag_zon_cin_10_pp1v2	Pagani Zonda Cinque - Style Pack 1	1C 46 B9 D2
4244524106	4A 4C FE FC	pag_zon_cin_10_pp1v3	Pagani Zonda Cinque - Style Pack 1	1C 46 B9 D2
2645559681	81 09 B0 9D	pag_zon_cin_10_pp1v4	Pagani Zonda Cinque - Style Pack 1	1C 46 B9 D2
3775521792	00 E4 09 E1	pag_zon_cin_10_pp1v5	Pagani Zonda Cinque - Style Pack 1	1C 46 B9 D2
3496677447	47 10 6B D0	pag_zon_cin_10_pp1v6	Pagani Zonda Cinque - Style Pack 1	1C 46 B9 D2
316886774	F6 4E E3 12	pag_zon_cin_10_pp1v7	Pagani Zonda Cinque - Style Pack 1	1C 46 B9 D2
273045201	D1 56 46 10	pag_zon_cin_10_pp1v8	Pagani Zonda Cinque - Style Pack 1	1C 46 B9 D2
2030547104	A0 B0 07 79	pag_zon_cin_10_pp2v1	Pagani Zonda Cinque - Style Pack 2	70 A5 31 06
265034312	48 1A CC 0F	pag_zon_cin_10_pp2v2	Pagani Zonda Cinque - Style Pack 2	70 A5 31 06
268954836	D4 EC 07 10	pag_zon_cin_10_pp2v3	Pagani Zonda Cinque - Style Pack 2	70 A5 31 06
1431801290	CA 8D 57 55	pag_zon_cin_10_pp2v4	Pagani Zonda Cinque - Style Pack 2	70 A5 31 06
1746156725	B5 3C 14 68	pag_zon_cin_10_pp2v5	Pagani Zonda Cinque - Style Pack 2	70 A5 31 06
2288285211	1B 76 64 88	pag_zon_cin_10_pp2v6	Pagani Zonda Cinque - Style Pack 2	70 A5 31 06
463794150	E6 EF A4 1B	pag_zon_cin_10_pp2v7	Pagani Zonda Cinque - Style Pack 2	70 A5 31 06
847907506	B2 0A 8A 32	pag_zon_cin_10_pp2v8	Pagani Zonda Cinque - Style Pack 2	70 A5 31 06
1785461374	7E FA 6B 6A	pag_zon_cin_10_pp_rare_1	Pagani Zonda Cinque - Signature Edition	A0 33 70 A4
3444720201	49 42 52 CD	pag_zon_cin_10_pp_stock_1	Pagani Zonda Cinque	00 00 00 00
4205485260	CC 9C AA FA	pag_zon_cin_10_pp_stock_2	Pagani Zonda Cinque	00 00 00 00
869131265	01 E4 CD 33	pag_zon_cin_10_pp_stock_3	Pagani Zonda Cinque	00 00 00 00
590551761	D1 1A 33 23	pag_zon_cin_10_pp_stock_4	Pagani Zonda Cinque	00 00 00 00
300480834	42 F9 E8 11	pag_zon_cin_10_pp_stock_5	Pagani Zonda Cinque	00 00 00 00
1621994448	D0 AB AD 60	pag_zon_cin_10_pp_stock_6	Pagani Zonda Cinque	00 00 00 00
989985070	2E F9 01 3B	pag_zon_cin_10_pp_stock_7	Pagani Zonda Cinque	00 00 00 00
1285392907	0B 8A 9D 4C	pag_zon_cin_10_pp_stock_8	Pagani Zonda Cinque	00 00 00 00
1476426852	64 7C 00 58	pon_fir_stk_78	Pontiac Firebird Formula	00 00 00 00
3713203550	5E FD 52 DD	pon_fir_stk_78_ai_010	Pontiac Firebird Formula	AF 90 31 DD
2025117525	55 D7 B4 78	pon_fir_stk_78_ai_025	Pontiac Firebird Formula	AF 90 31 DD
1054998163	93 FE E1 3E	pon_fir_stk_78_ai_026	Pontiac Firebird Formula	AF 90 31 DD
676144561	B1 25 4D 28	pon_fir_stk_78_ai_084	Pontiac Firebird Formula	AF 90 31 DD
694259608	98 8F 61 29	pon_fir_stk_78_ai_130	Pontiac Firebird Formula	AF 90 31 DD
4240879260	9C AE C6 FC	pon_fir_stk_78_ai_131	Pontiac Firebird Formula	AF 90 31 DD
2851727681	41 E9 F9 A9	pon_fir_stk_78_nfs_e	Pontiac Firebird Formula - NFS Edition	AF 90 31 DD
3251525593	D9 57 CE C1	pon_fir_stk_78_pp1v1	Pontiac Firebird Formula - Style Pack 1	65 62 B5 BF
2945164771	E3 A5 8B AF	pon_fir_stk_78_pp1v2	Pontiac Firebird Formula - Style Pack 1	65 62 B5 BF
1842798076	FC DD D6 6D	pon_fir_stk_78_pp1v3	Pontiac Firebird Formula - Style Pack 1	65 62 B5 BF
1313775208	68 9E 4E 4E	pon_fir_stk_78_pp1v4	Pontiac Firebird Formula - Style Pack 1	65 62 B5 BF
2899554410	6A B0 D3 AC	pon_fir_stk_78_pp1v5	Pontiac Firebird Formula - Style Pack 1	65 62 B5 BF
4150423388	5C 6F 62 F7	pon_fir_stk_78_pp1v6	Pontiac Firebird Formula - Style Pack 1	65 62 B5 BF
3827826101	B5 FD 27 E4	pon_fir_stk_78_pp1v7	Pontiac Firebird Formula - Style Pack 1	65 62 B5 BF
2514664032	60 BA E2 95	pon_fir_stk_78_pp1v8	Pontiac Firebird Formula - Style Pack 1	65 62 B5 BF
1386194237	3D A5 9F 52	pon_fir_stk_78_pp2v1	Pontiac Firebird Formula - Pro Touring Pack	C9 E9 F5 04
2900584107	AB 66 E3 AC	pon_fir_stk_78_pp2v2	Pontiac Firebird Formula - Pro Touring Pack	C9 E9 F5 04
203895901	5D 34 27 0C	pon_fir_stk_78_pp2v3	Pontiac Firebird Formula - Pro Touring Pack	C9 E9 F5 04
859488665	99 C1 3A 33	pon_fir_stk_78_pp2v4	Pontiac Firebird Formula - Pro Touring Pack	C9 E9 F5 04
844037519	8F FD 4E 32	pon_fir_stk_78_pp2v5	Pontiac Firebird Formula - Pro Touring Pack	C9 E9 F5 04
3089254105	D9 46 22 B8	pon_fir_stk_78_pp2v6	Pontiac Firebird Formula - Pro Touring Pack	C9 E9 F5 04
3819625226	0A DB AA E3	pon_fir_stk_78_pp2v7	Pontiac Firebird Formula - Pro Touring Pack	C9 E9 F5 04
1913013790	1E 46 06 72	pon_fir_stk_78_pp2v8	Pontiac Firebird Formula - Pro Touring Pack	C9 E9 F5 04
3044389769	89 B3 75 B5	pon_fir_stk_78_pp_rare_1	Pontiac Firebird Formula - Signature Edition	A4 98 C7 2B
3681840500	74 6D 74 DB	pon_fir_stk_78_pp_stock_1	Pontiac Firebird Formula	00 00 00 00
3949993724	FC 1E 70 EB	pon_fir_stk_78_pp_stock_2	Pontiac Firebird Formula	00 00 00 00
3350848715	CB E4 B9 C7	pon_fir_stk_78_pp_stock_3	Pontiac Firebird Formula	00 00 00 00
2691382565	25 3D 6B A0	pon_fir_stk_78_pp_stock_4	Pontiac Firebird Formula	00 00 00 00
3379929237	95 A0 75 C9	pon_fir_stk_78_pp_stock_5	Pontiac Firebird Formula	00 00 00 00
2618823770	5A 14 18 9C	pon_fir_stk_78_pp_stock_6	Pontiac Firebird Formula	00 00 00 00
1034103769	D9 2B A3 3D	pon_fir_stk_78_pp_stock_7	Pontiac Firebird Formula	00 00 00 00
4167471778	A2 92 66 F8	pon_fir_stk_78_pp_stock_8	Pontiac Firebird Formula	00 00 00 00
2853079850	2A 8B 0E AA	por_911_c4s_11	Porsche 911 Carrera 4S (997.2)	00 00 00 00
3438996564	54 EC FA CC	por_918_rsr_11	Porsche 918 RSR	00 00 00 00
1966095632	10 3D 30 75	por_918_rsr_11_ai_255	Porsche 918 RSR	5C DB 31 93
4227505015	77 9B FA FB	por_918_rsr_11_ai_265	Porsche 918 RSR	B4 B6 BE BE
3590803949	ED 51 07 D6	por_918_rsr_11_pp1v1	Porsche 918 RSR - Style Pack 1	5C DB 31 93
470621453	0D 1D 0D 1C	por_918_rsr_11_pp1v2	Porsche 918 RSR - Style Pack 1	5C DB 31 93
3564669780	54 8B 78 D4	por_918_rsr_11_pp1v3	Porsche 918 RSR - Style Pack 1	5C DB 31 93
358280095	9F EB 5A 15	por_918_rsr_11_pp1v4	Porsche 918 RSR - Style Pack 1	5C DB 31 93
3275213580	0C CB 37 C3	por_918_rsr_11_pp1v5	Porsche 918 RSR - Style Pack 1	5C DB 31 93
2051625406	BE 51 49 7A	por_918_rsr_11_pp1v6	Porsche 918 RSR - Style Pack 1	5C DB 31 93
1980565952	C0 09 0D 76	por_918_rsr_11_pp1v7	Porsche 918 RSR - Style Pack 1	5C DB 31 93
2585244432	10 B3 17 9A	por_918_rsr_11_pp1v8	Porsche 918 RSR - Style Pack 1	5C DB 31 93
2455444527	2F 1C 5B 92	por_918_rsr_11_pp2v1	Porsche 918 RSR - Circuit Racer Pack	B4 B6 BE BE
1358334390	B6 89 F6 50	por_918_rsr_11_pp2v2	Porsche 918 RSR - Circuit Racer Pack	B4 B6 BE BE
3150721719	B7 32 CC BB	por_918_rsr_11_pp2v3	Porsche 918 RSR - Circuit Racer Pack	B4 B6 BE BE
2293722771	93 6E B7 88	por_918_rsr_11_pp2v4	Porsche 918 RSR - Circuit Racer Pack	B4 B6 BE BE
3732541420	EC 0F 7A DE	por_918_rsr_11_pp2v5	Porsche 918 RSR - Circuit Racer Pack	B4 B6 BE BE
2676860188	1C A5 8D 9F	por_918_rsr_11_pp2v6	Porsche 918 RSR - Circuit Racer Pack	B4 B6 BE BE
1188933131	0B AE DD 46	por_918_rsr_11_pp2v7	Porsche 918 RSR - Circuit Racer Pack	B4 B6 BE BE
994061469	9D 2C 40 3B	por_918_rsr_11_pp2v8	Porsche 918 RSR - Circuit Racer Pack	B4 B6 BE BE
2235038457	F9 FA 37 85	por_918_rsr_11_pp_rare_1	Porsche 918 RSR - Signature Edition	2A 79 3D E3
893260034	02 11 3E 35	por_918_rsr_11_pp_run	Porsche 918 RSR - NFS Edition	88 27 04 36
3362615761	D1 71 6D C8	por_918_rsr_11_pp_stock_1	Porsche 918 RSR	00 00 00 00
1491889756	5C 6E EC 58	por_918_rsr_11_pp_stock_2	Porsche 918 RSR	00 00 00 00
74329220	84 2C 6E 04	por_918_rsr_11_pp_stock_3	Porsche 918 RSR	00 00 00 00
2050041874	12 28 31 7A	por_918_rsr_11_pp_stock_4	Porsche 918 RSR	00 00 00 00
2035297976	B8 2E 50 79	por_918_rsr_11_pp_stock_5	Porsche 918 RSR	00 00 00 00
2259933696	00 DA B3 86	por_918_rsr_11_pp_stock_6	Porsche 918 RSR	00 00 00 00
4020233018	3A E3 9F EF	por_918_rsr_11_pp_stock_7	Porsche 918 RSR	00 00 00 00
2429649982	3E 84 D1 90	por_918_rsr_11_pp_stock_8	Porsche 918 RSR	00 00 00 00
1544303215	6F 32 0C 5C	por_991_s_12	Porsche 911 Carrera S (991)	00 00 00 00
49443397	45 72 F2 02	por_991_s_12_ai_183	Porsche 911 Carrera S (991)	00 00 00 00
2667948957	9D AB 05 9F	por_991_s_12_ai_200	Porsche 911 Carrera S (991)	00 00 00 00
1034010608	F0 BF A1 3D	por_991_s_12_ai_237	Porsche 911 Carrera S (991)	4E B5 5F B7
1726178714	9A 65 E3 66	por_991_s_12_demo	Porsche 911 Carrera S (991)	1D 90 38 14
1995329846	36 51 EE 76	por_991_s_12_pp1v1	Porsche 911 Carrera S (991) - Style Pack 1	FD 2B 45 41
150908500	54 AE FE 08	por_991_s_12_pp1v2	Porsche 911 Carrera S (991) - Style Pack 1	FD 2B 45 41
2847719343	AF BF BC A9	por_991_s_12_pp1v3	Porsche 911 Carrera S (991) - Style Pack 1	FD 2B 45 41
516915432	E8 80 CF 1E	por_991_s_12_pp1v4	Porsche 911 Carrera S (991) - Style Pack 1	FD 2B 45 41
344102839	B7 97 82 14	por_991_s_12_pp1v5	Porsche 911 Carrera S (991) - Style Pack 1	FD 2B 45 41
2423240622	AE B7 6F 90	por_991_s_12_pp1v6	Porsche 911 Carrera S (991) - Style Pack 1	FD 2B 45 41
715205730	62 2C A1 2A	por_991_s_12_pp1v7	Porsche 911 Carrera S (991) - Style Pack 1	FD 2B 45 41
3129548766	DE 1F 89 BA	por_991_s_12_pp1v8	Porsche 911 Carrera S (991) - Style Pack 1	FD 2B 45 41
407034195	53 D9 42 18	por_991_s_12_pp2v1	Porsche 911 Carrera S (991) - Style Pack 2	BA 80 71 88
1808509550	6E AA CB 6B	por_991_s_12_pp2v2	Porsche 911 Carrera S (991) - Style Pack 2	BA 80 71 88
2428514164	74 2F C0 90	por_991_s_12_pp2v3	Porsche 911 Carrera S (991) - Style Pack 2	BA 80 71 88
4018028863	3F 41 7E EF	por_991_s_12_pp2v4	Porsche 911 Carrera S (991) - Style Pack 2	BA 80 71 88
2165988689	51 5D 1A 81	por_991_s_12_pp2v5	Porsche 911 Carrera S (991) - Style Pack 2	BA 80 71 88
1178974029	4D B7 45 46	por_991_s_12_pp2v6	Porsche 911 Carrera S (991) - Style Pack 2	BA 80 71 88
66642157	ED E0 F8 03	por_991_s_12_pp2v7	Porsche 911 Carrera S (991) - Style Pack 2	BA 80 71 88
3182326043	1B 71 AE BD	por_991_s_12_pp2v8	Porsche 911 Carrera S (991) - Style Pack 2	BA 80 71 88
4035358899	B3 B0 86 F0	por_991_s_12_pp3v1	Porsche 911 Carrera S (991) - Circuit Racer Pack	4E B5 5F B7
506946983	A7 65 37 1E	por_991_s_12_pp3v2	Porsche 911 Carrera S (991) - Circuit Racer Pack	4E B5 5F B7
4204891430	26 8D A1 FA	por_991_s_12_pp3v3	Porsche 911 Carrera S (991) - Circuit Racer Pack	4E B5 5F B7
436367378	12 70 02 1A	por_991_s_12_pp3v4	Porsche 911 Carrera S (991) - Circuit Racer Pack	4E B5 5F B7
3898774131	73 92 62 E8	por_991_s_12_pp3v5	Porsche 911 Carrera S (991) - Circuit Racer Pack	4E B5 5F B7
512523059	33 7B 8C 1E	por_991_s_12_pp3v6	Porsche 911 Carrera S (991) - Circuit Racer Pack	4E B5 5F B7
1994505578	6A BD E1 76	por_991_s_12_pp3v7	Porsche 911 Carrera S (991) - Circuit Racer Pack	4E B5 5F B7
1127428041	C9 2F 33 43	por_991_s_12_pp3v8	Porsche 911 Carrera S (991) - Circuit Racer Pack	4E B5 5F B7
3279588277	B5 8B 7A C3	por_991_s_12_pp_rare_1	Porsche 911 Carrera S (991) - Signature Edition	F4 1E EE BD
2276214493	DD 46 AC 87	por_991_s_12_pp_run	Porsche 911 Carrera S (991) - NFS Edition	DD 46 AC 87
1687470538	CA C1 94 64	por_991_s_12_pp_run_garage_car	Porsche 911 Carrera S (991) - NFS Edition	DD 46 AC 87
898309784	98 1E 8B 35	por_991_s_12_pp_stock_1	Porsche 911 Carrera S (991)	00 00 00 00
1565081493	95 3F 49 5D	por_991_s_12_pp_stock_2	Porsche 911 Carrera S (991)	00 00 00 00
1217500813	8D 96 91 48	por_991_s_12_pp_stock_3	Porsche 911 Carrera S (991)	00 00 00 00
3478824420	E4 A5 5A CF	por_991_s_12_pp_stock_4	Porsche 911 Carrera S (991)	00 00 00 00
2047266132	54 CD 06 7A	por_991_s_12_pp_stock_5	Porsche 911 Carrera S (991)	00 00 00 00
3671445387	8B CF D5 DA	por_991_s_12_pp_stock_6	Porsche 911 Carrera S (991)	00 00 00 00
3351136325	45 48 BE C7	por_991_s_12_pp_stock_7	Porsche 911 Carrera S (991)	00 00 00 00
2210404641	21 19 C0 83	por_991_s_12_pp_stock_8	Porsche 911 Carrera S (991)	00 00 00 00
617361097	C9 2E CC 24	por_993_gt2_96	Porsche 911 GT2 (993)	00 00 00 00
1591107591	07 60 D6 5E	por_993_gt2_96_adsales_1	Porsche 911 GT2 (993) - Signature Edition	54 27 EF E8
1286644194	E2 A1 B0 4C	por_993_gt2_96_ai_186	Porsche 911 GT2 (993)	C9 2E CC 24
1926745266	B2 CC D7 72	por_993_gt2_96_ai_198	Porsche 911 GT2 (993)	C9 2E CC 24
1505993456	F0 A2 C3 59	por_993_gt2_96_ai_199	Porsche 911 GT2 (993)	C9 2E CC 24
921914833	D1 4D F3 36	por_993_gt2_96_ai_225	Porsche 911 GT2 (993)	C9 2E CC 24
909809290	8A 96 3A 36	por_993_gt2_96_e3	Porsche 911 GT2 (993)	C9 2E CC 24
4277132749	CD DD EF FE	por_993_gt2_96_marketing_1	Porsche 911 GT2 (993) RWB - Signature Edition	2E 23 7B 2D
3690939093	D5 42 FF DB	por_993_gt2_96_pp1v1	Porsche 911 GT2 (993) - Style Pack 1	E5 E4 A8 68
1901869675	6B 3A 5C 71	por_993_gt2_96_pp1v2	Porsche 911 GT2 (993) - Style Pack 1	E5 E4 A8 68
991070436	E4 88 12 3B	por_993_gt2_96_pp1v3	Porsche 911 GT2 (993) - Style Pack 1	E5 E4 A8 68
938807601	31 11 F5 37	por_993_gt2_96_pp1v4	Porsche 911 GT2 (993) - Style Pack 1	E5 E4 A8 68
1792211406	CE F9 D2 6A	por_993_gt2_96_pp1v5	Porsche 911 GT2 (993) - Style Pack 1	E5 E4 A8 68
3270060638	5E 2A E9 C2	por_993_gt2_96_pp1v6	Porsche 911 GT2 (993) - Style Pack 1	E5 E4 A8 68
63367745	41 EA C6 03	por_993_gt2_96_pp1v7	Porsche 911 GT2 (993) - Style Pack 1	E5 E4 A8 68
2164798747	1B 35 08 81	por_993_gt2_96_pp1v8	Porsche 911 GT2 (993) - Style Pack 1	E5 E4 A8 68
1108439587	23 72 11 42	por_993_gt2_96_pp2v1	Porsche 911 GT2 (993) - Retro Racer Pack	36 72 00 4D
1271801454	6E 26 CE 4B	por_993_gt2_96_pp2v2	Porsche 911 GT2 (993) - Retro Racer Pack	36 72 00 4D
3251392991	DF 51 CC C1	por_993_gt2_96_pp2v3	Porsche 911 GT2 (993) - Retro Racer Pack	36 72 00 4D
3579626842	5A C5 5C D5	por_993_gt2_96_pp2v4	Porsche 911 GT2 (993) - Retro Racer Pack	36 72 00 4D
3219522764	CC 04 E6 BF	por_993_gt2_96_pp2v5	Porsche 911 GT2 (993) - Retro Racer Pack	36 72 00 4D
4078052560	D0 24 12 F3	por_993_gt2_96_pp2v6	Porsche 911 GT2 (993) - Retro Racer Pack	36 72 00 4D
2985446750	5E 4D F2 B1	por_993_gt2_96_pp2v7	Porsche 911 GT2 (993) - Retro Racer Pack	36 72 00 4D
2263151621	05 F4 E4 86	por_993_gt2_96_pp2v8	Porsche 911 GT2 (993) - Retro Racer Pack	36 72 00 4D
1031702641	71 88 7E 3D	por_993_gt2_96_pp_stock_1	Porsche 911 GT2 (993)	00 00 00 00
2941958303	9F B8 5A AF	por_993_gt2_96_pp_stock_2	Porsche 911 GT2 (993)	00 00 00 00
2674941394	D2 5D 70 9F	por_993_gt2_96_pp_stock_3	Porsche 911 GT2 (993)	00 00 00 00
2530907453	3D 95 DA 96	por_993_gt2_96_pp_stock_4	Porsche 911 GT2 (993)	00 00 00 00
223466541	2D D4 51 0D	por_993_gt2_96_pp_stock_5	Porsche 911 GT2 (993)	00 00 00 00
1880755463	07 0D 1A 70	por_993_gt2_96_pp_stock_6	Porsche 911 GT2 (993)	00 00 00 00
1715841198	AE A8 45 66	por_993_gt2_96_pp_stock_7	Porsche 911 GT2 (993)	00 00 00 00
3522070613	55 88 EE D1	por_993_gt2_96_pp_stock_8	Porsche 911 GT2 (993)	00 00 00 00
379549184	00 76 9F 16	por_993_rwb_96	Porsche 911 GT2 (993) RWB	00 00 00 00
851004633	D9 4C B9 32	por_car_gt_08	Porsche Carrera GT	00 00 00 00
583962154	2A 8E CE 22	por_car_gt_08_pp1v1	Porsche Carrera GT - Style Pack 1	EC D8 C6 8F
678369750	D6 19 6F 28	por_car_gt_08_pp1v2	Porsche Carrera GT - Style Pack 1	EC D8 C6 8F
2458568756	34 C8 8A 92	por_car_gt_08_pp1v3	Porsche Carrera GT - Style Pack 1	EC D8 C6 8F
1728488156	DC A2 06 67	por_car_gt_08_pp1v4	Porsche Carrera GT - Style Pack 1	EC D8 C6 8F
152393893	A5 58 15 09	por_car_gt_08_pp1v5	Porsche Carrera GT - Style Pack 1	EC D8 C6 8F
4216707801	D9 DA 55 FB	por_car_gt_08_pp1v6	Porsche Carrera GT - Style Pack 1	EC D8 C6 8F
3701910843	3B AD A6 DC	por_car_gt_08_pp1v7	Porsche Carrera GT - Style Pack 1	EC D8 C6 8F
1108161064	28 32 0D 42	por_car_gt_08_pp1v8	Porsche Carrera GT - Style Pack 1	EC D8 C6 8F
2168567350	36 B6 41 81	por_car_gt_08_pp_stock_1	Porsche Carrera GT	00 00 00 00
2814841447	67 12 C7 A7	por_car_gt_08_pp_stock_2	Porsche Carrera GT	00 00 00 00
2326235097	D9 87 A7 8A	por_car_gt_08_pp_stock_3	Porsche Carrera GT	00 00 00 00
1070731952	B0 12 D2 3F	por_car_gt_08_pp_stock_4	Porsche Carrera GT	00 00 00 00
1467600787	93 CF 79 57	por_car_gt_08_pp_stock_5	Porsche Carrera GT	00 00 00 00
2519948613	45 5D 33 96	por_car_gt_08_pp_stock_6	Porsche Carrera GT	00 00 00 00
2060072065	81 34 CA 7A	por_car_gt_08_pp_stock_7	Porsche Carrera GT	00 00 00 00
4281187630	2E BD 2D FF	por_car_gt_08_pp_stock_8	Porsche Carrera GT	00 00 00 00
2151192617	29 98 38 80	por_gt3_rs_10	Porsche 911 GT3 RS 4.0 (997)	00 00 00 00
2815800777	C9 B5 D5 A7	por_gt3_rs_10_ai_192	Porsche 911 GT3 RS 4.0 (997)	29 98 38 80
2077403063	B7 A7 D2 7B	por_gt3_rs_10_ai_213	Porsche 911 GT3 RS 4.0 (997)	29 98 38 80
3564531353	99 6E 76 D4	por_gt3_rs_10_ai_239	Porsche 911 GT3 RS 4.0 (997)	29 98 38 80
4134624293	25 5C 71 F6	por_gt3_rs_10_ai_248	Porsche 911 GT3 RS 4.0 (997)	15 44 7E 16
2789028633	19 33 3D A6	por_gt3_rs_10_pp1v1	Porsche 911 GT3 RS 4.0 (997) - Style Pack 1	D7 45 BA 35
61003134	7E D5 A2 03	por_gt3_rs_10_pp1v2	Porsche 911 GT3 RS 4.0 (997) - Style Pack 1	D7 45 BA 35
2042192055	B7 60 B9 79	por_gt3_rs_10_pp1v3	Porsche 911 GT3 RS 4.0 (997) - Style Pack 1	D7 45 BA 35
2554577147	FB C0 43 98	por_gt3_rs_10_pp1v4	Porsche 911 GT3 RS 4.0 (997) - Style Pack 1	D7 45 BA 35
3078364094	BE 1B 7C B7	por_gt3_rs_10_pp1v5	Porsche 911 GT3 RS 4.0 (997) - Style Pack 1	D7 45 BA 35
1750550731	CB 48 57 68	por_gt3_rs_10_pp1v6	Porsche 911 GT3 RS 4.0 (997) - Style Pack 1	D7 45 BA 35
4227887698	52 72 00 FC	por_gt3_rs_10_pp1v7	Porsche 911 GT3 RS 4.0 (997) - Style Pack 1	D7 45 BA 35
2967629558	F6 6E E2 B0	por_gt3_rs_10_pp1v8	Porsche 911 GT3 RS 4.0 (997) - Style Pack 1	D7 45 BA 35
3206215478	36 F7 1A BF	por_gt3_rs_10_pp2v1	Porsche 911 GT3 RS 4.0 (997) - Style Pack 2	1A 8E 76 27
1213557860	64 6C 55 48	por_gt3_rs_10_pp2v2	Porsche 911 GT3 RS 4.0 (997) - Style Pack 2	1A 8E 76 27
4227403368	68 0E F9 FB	por_gt3_rs_10_pp2v3	Porsche 911 GT3 RS 4.0 (997) - Style Pack 2	1A 8E 76 27
54079610	7A 30 39 03	por_gt3_rs_10_pp2v4	Porsche 911 GT3 RS 4.0 (997) - Style Pack 2	1A 8E 76 27
3842620543	7F BC 09 E5	por_gt3_rs_10_pp2v5	Porsche 911 GT3 RS 4.0 (997) - Style Pack 2	1A 8E 76 27
2202056274	52 B6 40 83	por_gt3_rs_10_pp2v6	Porsche 911 GT3 RS 4.0 (997) - Style Pack 2	1A 8E 76 27
3191725378	42 DD 3D BE	por_gt3_rs_10_pp2v7	Porsche 911 GT3 RS 4.0 (997) - Style Pack 2	1A 8E 76 27
2231772235	4B 24 06 85	por_gt3_rs_10_pp2v8	Porsche 911 GT3 RS 4.0 (997) - Style Pack 2	1A 8E 76 27
1739142770	72 36 A9 67	por_gt3_rs_10_pp3v1	Porsche 911 GT3 RS 4.0 (997) - RSR Replica Pack	79 44 DD 2D
3118875925	15 45 E6 B9	por_gt3_rs_10_pp3v2	Porsche 911 GT3 RS 4.0 (997) - RSR Replica Pack	79 44 DD 2D
2385225915	BB A8 2B 8E	por_gt3_rs_10_pp3v3	Porsche 911 GT3 RS 4.0 (997) - RSR Replica Pack	79 44 DD 2D
267507529	49 D7 F1 0F	por_gt3_rs_10_pp3v4	Porsche 911 GT3 RS 4.0 (997) - RSR Replica Pack	79 44 DD 2D
1656567468	AC 36 BD 62	por_gt3_rs_10_pp3v5	Porsche 911 GT3 RS 4.0 (997) - RSR Replica Pack	79 44 DD 2D
1687327203	E3 91 92 64	por_gt3_rs_10_pp3v6	Porsche 911 GT3 RS 4.0 (997) - RSR Replica Pack	79 44 DD 2D
3099437373	3D A9 BD B8	por_gt3_rs_10_pp3v7	Porsche 911 GT3 RS 4.0 (997) - RSR Replica Pack	79 44 DD 2D
2811637530	1A 2F 96 A7	por_gt3_rs_10_pp3v8	Porsche 911 GT3 RS 4.0 (997) - RSR Replica Pack	79 44 DD 2D
984573869	AD 67 AF 3A	por_gt3_rs_10_pp_rare_1	Porsche 911 GT3 RS 4.0 (997) - Signature Edition	15 44 7E 16
996427356	5C 46 64 3B	por_gt3_rs_10_pp_rare_2	Porsche 911 GT3 RS 4.0 (997) - Signature Edition	15 44 7E 16
3662254698	6A 92 49 DA	por_gt3_rs_10_pp_stock_1	Porsche 911 GT3 RS 4.0 (997)	29 98 38 80
2375627941	A5 34 99 8D	por_gt3_rs_10_pp_stock_2	Porsche 911 GT3 RS 4.0 (997)	00 00 00 00
675021126	46 01 3C 28	ren_meg_rs_10	Renault Sport Mégane RS	00 00 00 00
2670200624	30 07 28 9F	ren_meg_rs_10_ai_006	Renault Sport Mégane RS	89 E1 F2 DB
3489511903	DF B9 FD CF	ren_meg_rs_10_ai_101	Renault Sport Mégane RS	C5 9E 9F F3
1733343938	C2 BA 50 67	ren_meg_rs_10_ai_110	Renault Sport Mégane RS	C5 9E 9F F3
2823337788	3C B7 48 A8	ren_meg_rs_10_ai_171	Renault Sport Mégane RS	89 E1 F2 DB
604482190	8E AA 07 24	ren_meg_rs_10_ai_176	Renault Sport Mégane RS	89 E1 F2 DB
4051235735	97 F3 78 F1	ren_meg_rs_10_ai_285	Renault Sport Mégane RS	89 E1 F2 DB
2572394754	02 A1 53 99	ren_meg_rs_10_ai_286	Renault Sport Mégane RS	89 E1 F2 DB
3690127753	89 E1 F2 DB	ren_meg_rs_10_nfs_e	Renault Sport Mégane RS - NFS Edition	89 E1 F2 DB
41476489	89 E1 78 02	ren_meg_rs_10_pp1v1	Renault Sport Mégane RS - Style Pack 1	AD A0 62 FD
490614498	E2 2E 3E 1D	ren_meg_rs_10_pp1v2	Renault Sport Mégane RS - Style Pack 1	AD A0 62 FD
3473363771	3B 53 07 CF	ren_meg_rs_10_pp1v3	Renault Sport Mégane RS - Style Pack 1	AD A0 62 FD
708008956	FC 5B 33 2A	ren_meg_rs_10_pp1v4	Renault Sport Mégane RS - Style Pack 1	AD A0 62 FD
4196819760	30 63 26 FA	ren_meg_rs_10_pp1v5	Renault Sport Mégane RS - Style Pack 1	AD A0 62 FD
3571895779	E3 CD E6 D4	ren_meg_rs_10_pp1v6	Renault Sport Mégane RS - Style Pack 1	AD A0 62 FD
803046152	08 83 DD 2F	ren_meg_rs_10_pp1v7	Renault Sport Mégane RS - Style Pack 1	AD A0 62 FD
2398499541	D5 32 F6 8E	ren_meg_rs_10_pp1v8	Renault Sport Mégane RS - Style Pack 1	AD A0 62 FD
41582009	B9 7D 7A 02	ren_meg_rs_10_pp2v1	Renault Sport Mégane RS - Tuner Pack	3F 40 24 DA
2005932281	F9 18 90 77	ren_meg_rs_10_pp2v2	Renault Sport Mégane RS - Tuner Pack	3F 40 24 DA
3473287454	1E 29 06 CF	ren_meg_rs_10_pp2v3	Renault Sport Mégane RS - Tuner Pack	3F 40 24 DA
123875819	EB 31 62 07	ren_meg_rs_10_pp2v4	Renault Sport Mégane RS - Tuner Pack	3F 40 24 DA
4200014143	3F 21 57 FA	ren_meg_rs_10_pp2v5	Renault Sport Mégane RS - Tuner Pack	3F 40 24 DA
3659638236	DC A5 21 DA	ren_meg_rs_10_pp2v6	Renault Sport Mégane RS - Tuner Pack	3F 40 24 DA
803104615	67 67 DE 2F	ren_meg_rs_10_pp2v7	Renault Sport Mégane RS - Tuner Pack	3F 40 24 DA
4119292237	4D 69 87 F5	ren_meg_rs_10_pp2v8	Renault Sport Mégane RS - Tuner Pack	3F 40 24 DA
67064635	3B 53 FF 03	ren_meg_rs_10_pp3v1	Renault Sport Mégane RS - Aero Pack	62 7A 70 4B
937851314	B2 79 E6 37	ren_meg_rs_10_pp3v2	Renault Sport Mégane RS - Aero Pack	62 7A 70 4B
3040334417	51 D2 37 B5	ren_meg_rs_10_pp3v3	Renault Sport Mégane RS - Aero Pack	62 7A 70 4B
4156227738	9A 00 BB F7	ren_meg_rs_10_pp3v4	Renault Sport Mégane RS - Aero Pack	62 7A 70 4B
3587458197	95 44 D4 D5	ren_meg_rs_10_pp3v5	Renault Sport Mégane RS - Aero Pack	62 7A 70 4B
3601972650	AA BD B1 D6	ren_meg_rs_10_pp3v6	Renault Sport Mégane RS - Aero Pack	62 7A 70 4B
1977350816	A0 FA DB 75	ren_meg_rs_10_pp3v7	Renault Sport Mégane RS - Aero Pack	62 7A 70 4B
1426840102	26 DA 0B 55	ren_meg_rs_10_pp3v8	Renault Sport Mégane RS - Aero Pack	62 7A 70 4B
1861624512	C0 22 F6 6E	ren_meg_rs_10_pp_rare_1	Renault Sport Mégane RS - Signature Edition	9E F4 0C 09
2108174737	91 31 A8 7D	ren_meg_rs_10_pp_stock_1	Renault Sport Mégane RS	00 00 00 00
3831769057	E1 27 64 E4	ren_meg_rs_10_pp_stock_2	Renault Sport Mégane RS	00 00 00 00
4206253107	33 54 B6 FA	ren_meg_rs_10_pp_stock_3	Renault Sport Mégane RS	00 00 00 00
4250229364	74 5A 55 FD	ren_meg_rs_10_pp_stock_4	Renault Sport Mégane RS	00 00 00 00
566332283	7B 8B C1 21	ren_meg_rs_10_pp_stock_5	Renault Sport Mégane RS	00 00 00 00
3974304411	9B 12 E3 EC	ren_meg_rs_10_pp_stock_6	Renault Sport Mégane RS	00 00 00 00
4196249983	7F B1 1D FA	ren_meg_rs_10_pp_stock_7	Renault Sport Mégane RS	00 00 00 00
2464256600	58 92 E1 92	ren_meg_rs_10_pp_stock_8	Renault Sport Mégane RS	00 00 00 00
3481234822	86 6D 7F CF	she_day_cou_65	Shelby Cobra Daytona Coupe	00 00 00 00
3357183898	9A 8F 1A C8	she_day_cou_65_ai_096	Shelby Cobra Daytona Coupe	D7 77 06 1A
232325685	35 02 D9 0D	she_day_cou_65_ai_108	Shelby Cobra Daytona Coupe	5E 9F B7 3C
3312278586	3A 5C 6D C5	she_day_cou_65_ai_152	Shelby Cobra Daytona Coupe	5E 9F B7 3C
1201503826	52 7E 9D 47	she_day_cou_65_ai_254	Shelby Cobra Daytona Coupe	4D B2 08 21
1095199585	61 6B 47 41	she_day_cou_65_nfs_e	Shelby Cobra Daytona Coupe - NFS Edition	EC 01 32 D1
1241611741	DD 7D 01 4A	she_day_cou_65_pp1v1	Shelby Cobra Daytona Coupe - Style Pack 1	51 99 34 00
2683772338	B2 1D F7 9F	she_day_cou_65_pp1v2	Shelby Cobra Daytona Coupe - Style Pack 1	51 99 34 00
518514680	F8 E7 E7 1E	she_day_cou_65_pp1v3	Shelby Cobra Daytona Coupe - Style Pack 1	51 99 34 00
3472854976	C0 8F FF CE	she_day_cou_65_pp1v4	Shelby Cobra Daytona Coupe - Style Pack 1	51 99 34 00
3523685951	3F 2E 07 D2	she_day_cou_65_pp1v5	Shelby Cobra Daytona Coupe - Style Pack 1	51 99 34 00
3629261332	14 22 52 D8	she_day_cou_65_pp1v6	Shelby Cobra Daytona Coupe - Style Pack 1	51 99 34 00
3439662912	40 17 05 CD	she_day_cou_65_pp1v7	Shelby Cobra Daytona Coupe - Style Pack 1	51 99 34 00
2666964101	85 A4 F6 9E	she_day_cou_65_pp1v8	Shelby Cobra Daytona Coupe - Style Pack 1	51 99 34 00
2996645409	21 2E 9D B2	she_day_cou_65_pp2v1	Shelby Cobra Daytona Coupe - Retro Racer Pack	EB AC 82 6C
3314765652	54 4F 93 C5	she_day_cou_65_pp2v2	Shelby Cobra Daytona Coupe - Retro Racer Pack	EB AC 82 6C
259914488	F8 FA 7D 0F	she_day_cou_65_pp2v3	Shelby Cobra Daytona Coupe - Retro Racer Pack	EB AC 82 6C
1295232418	A2 AD 33 4D	she_day_cou_65_pp2v4	Shelby Cobra Daytona Coupe - Retro Racer Pack	EB AC 82 6C
974990480	90 2C 1D 3A	she_day_cou_65_pp2v5	Shelby Cobra Daytona Coupe - Retro Racer Pack	EB AC 82 6C
131311971	63 A9 D3 07	she_day_cou_65_pp2v6	Shelby Cobra Daytona Coupe - Retro Racer Pack	EB AC 82 6C
1205195321	39 D2 D5 47	she_day_cou_65_pp2v7	Shelby Cobra Daytona Coupe - Retro Racer Pack	EB AC 82 6C
3631894439	A7 4F 7A D8	she_day_cou_65_pp2v8	Shelby Cobra Daytona Coupe - Retro Racer Pack	EB AC 82 6C
4022012078	AE 08 BB EF	she_day_cou_65_pp_rare_1	Shelby Cobra Daytona Coupe - Signature Edition	4D B2 08 21
3604153451	6B 04 D3 D6	she_day_cou_65_pp_run	Shelby Cobra Daytona Coupe - NFS Edition	9A AC A8 9F
4152129083	3B 76 7C F7	she_day_cou_65_pp_stock_1	Shelby Cobra Daytona Coupe	00 00 00 00
3871257759	9F B4 BE E6	she_day_cou_65_pp_stock_2	Shelby Cobra Daytona Coupe	00 00 00 00
3289542481	51 6F 12 C4	she_day_cou_65_pp_stock_3	Shelby Cobra Daytona Coupe	00 00 00 00
2461231717	65 6A B3 92	she_day_cou_65_pp_stock_4	Shelby Cobra Daytona Coupe	00 00 00 00
881791887	8F 13 8F 34	she_day_cou_65_pp_stock_5	Shelby Cobra Daytona Coupe	00 00 00 00
878544792	98 87 5D 34	she_day_cou_65_pp_stock_6	Shelby Cobra Daytona Coupe	00 00 00 00
2902527303	47 0D 01 AD	she_day_cou_65_pp_stock_7	Shelby Cobra Daytona Coupe	00 00 00 00
1636074729	E9 84 84 61	she_day_cou_65_pp_stock_8	Shelby Cobra Daytona Coupe	00 00 00 00
1705103580	DC D0 A1 65	she_mus_snk_12	Ford Shelby GT500 Super Snake	00 00 00 00
2832144233	69 17 CF A8	she_mus_snk_12_ai_116	Ford Shelby GT500 Super Snake	16 0C BD 8C
3424949842	52 96 24 CC	she_mus_snk_12_ai_117	Ford Shelby GT500 Super Snake	16 0C BD 8C
3289858687	7F 42 17 C4	she_mus_snk_12_ai_208	Ford Shelby GT500 Super Snake	DF 7F 94 9D
1833661157	E5 72 4B 6D	she_mus_snk_12_pp1v1	Ford Shelby GT500 Super Snake - Style Pack 1	A4 F7 F3 08
1188573980	1C 33 D8 46	she_mus_snk_12_pp1v2	Ford Shelby GT500 Super Snake - Style Pack 1	A4 F7 F3 08
2727414737	D1 0B 91 A2	she_mus_snk_12_pp1v3	Ford Shelby GT500 Super Snake - Style Pack 1	A4 F7 F3 08
3146173776	50 CD 86 BB	she_mus_snk_12_pp1v4	Ford Shelby GT500 Super Snake - Style Pack 1	A4 F7 F3 08
663699994	1A 42 8F 27	she_mus_snk_12_pp1v5	Ford Shelby GT500 Super Snake - Style Pack 1	A4 F7 F3 08
1291250525	5D EB F6 4C	she_mus_snk_12_pp1v6	Ford Shelby GT500 Super Snake - Style Pack 1	A4 F7 F3 08
1903320361	29 5D 72 71	she_mus_snk_12_pp1v7	Ford Shelby GT500 Super Snake - Style Pack 1	A4 F7 F3 08
2035660705	A1 B7 55 79	she_mus_snk_12_pp1v8	Ford Shelby GT500 Super Snake - Style Pack 1	A4 F7 F3 08
705435031	97 15 0C 2A	she_mus_snk_12_pp2v1	Ford Shelby GT500 Super Snake - Style Pack 2	79 07 ED C1
2901985221	C5 C7 F8 AC	she_mus_snk_12_pp2v2	Ford Shelby GT500 Super Snake - Style Pack 2	79 07 ED C1
2203703358	3E D8 59 83	she_mus_snk_12_pp2v3	Ford Shelby GT500 Super Snake - Style Pack 2	79 07 ED C1
1797996069	25 3E 2B 6B	she_mus_snk_12_pp2v4	Ford Shelby GT500 Super Snake - Style Pack 2	79 07 ED C1
1229305874	12 B8 45 49	she_mus_snk_12_pp2v5	Ford Shelby GT500 Super Snake - Style Pack 2	79 07 ED C1
1976250176	40 2F CB 75	she_mus_snk_12_pp2v6	Ford Shelby GT500 Super Snake - Style Pack 2	79 07 ED C1
903704367	2F 6F DD 35	she_mus_snk_12_pp2v7	Ford Shelby GT500 Super Snake - Style Pack 2	79 07 ED C1
2251117927	67 55 2D 86	she_mus_snk_12_pp2v8	Ford Shelby GT500 Super Snake - Style Pack 2	79 07 ED C1
616355264	C0 D5 BC 24	she_mus_snk_12_pp3v1	Ford Shelby GT500 Super Snake - Super Snake Run Edition	21 B6 C8 BF
1850992488	68 E7 53 6E	she_mus_snk_12_pp3v2	Ford Shelby GT500 Super Snake - Super Snake Run Edition	21 B6 C8 BF
2140899233	A1 87 9B 7F	she_mus_snk_12_pp3v3	Ford Shelby GT500 Super Snake - Super Snake Run Edition	21 B6 C8 BF
217350408	08 81 F4 0C	she_mus_snk_12_pp3v4	Ford Shelby GT500 Super Snake - Super Snake Run Edition	21 B6 C8 BF
2176111342	EE D2 B4 81	she_mus_snk_12_pp3v5	Ford Shelby GT500 Super Snake - Super Snake Run Edition	21 B6 C8 BF
3173109029	25 CD 21 BD	she_mus_snk_12_pp3v6	Ford Shelby GT500 Super Snake - Super Snake Run Edition	21 B6 C8 BF
214523994	5A 60 C9 0C	she_mus_snk_12_pp3v7	Ford Shelby GT500 Super Snake - Super Snake Run Edition	21 B6 C8 BF
3439352146	52 59 00 CD	she_mus_snk_12_pp3v8	Ford Shelby GT500 Super Snake - Super Snake Run Edition	21 B6 C8 BF
694714194	52 7F 68 29	she_mus_snk_12_pp_run	Ford Shelby GT500 Super Snake - NFS Edition	52 7F 68 29
2987408137	09 3B 10 B2	she_mus_snk_12_pp_run_garage_car	Ford Shelby GT500 Super Snake - NFS Edition	52 7F 68 29
4043723623	67 53 06 F1	she_mus_snk_12_pp_stock_1	Ford Shelby GT500 Super Snake	00 00 00 00
3939737142	36 9E D3 EA	she_mus_snk_12_pp_stock_2	Ford Shelby GT500 Super Snake	00 00 00 00
4162941747	33 73 21 F8	she_mus_snk_12_pp_stock_3	Ford Shelby GT500 Super Snake	00 00 00 00
2898441131	AB B3 C2 AC	she_mus_snk_12_pp_stock_4	Ford Shelby GT500 Super Snake	00 00 00 00
2060992609	61 40 D8 7A	she_mus_snk_12_pp_stock_5	Ford Shelby GT500 Super Snake	00 00 00 00
3527347964	FC 0E 3F D2	she_mus_snk_12_pp_stock_6	Ford Shelby GT500 Super Snake	00 00 00 00
2669783094	36 A8 21 9F	she_mus_snk_12_pp_stock_7	Ford Shelby GT500 Super Snake	00 00 00 00
3516321106	52 CD 96 D1	she_mus_snk_12_pp_stock_8	Ford Shelby GT500 Super Snake	00 00 00 00
2927747753	A9 E2 81 AE	sub_wrx_sti_09	Subaru Impreza WRX STi (Hatchback)	00 00 00 00
3405351478	36 8A F9 CA	sub_wrx_sti_09_ai_007	Subaru Impreza WRX STi (Hatchback)	5E 34 28 CB
3780468060	5C 5D 55 E1	sub_wrx_sti_09_ai_027	Subaru Impreza WRX STi (Hatchback)	5E 34 28 CB
96674846	1E 24 C3 05	sub_wrx_sti_09_ai_070	Subaru Impreza WRX STi (Hatchback)	20 A1 6B 53
3718695497	49 CA A6 DD	sub_wrx_sti_09_ai_076	Subaru Impreza WRX STi (Hatchback)	20 A1 6B 53
2553259059	33 A4 2F 98	sub_wrx_sti_09_ai_140	Subaru Impreza WRX STi (Hatchback)	10 87 EC B5
863666282	6A 80 7A 33	sub_wrx_sti_09_ai_141	Subaru Impreza WRX STi (Hatchback)	10 87 EC B5
1770516894	9E F1 87 69	sub_wrx_sti_09_ai_149	Subaru Impreza WRX STi (Hatchback)	5E 34 28 CB
3589993730	02 F5 FA D5	sub_wrx_sti_09_ai_153	Subaru Impreza WRX STi (Hatchback)	5E 34 28 CB
4237495156	74 0B 93 FC	sub_wrx_sti_09_ai_154	Subaru Impreza WRX STi (Hatchback)	20 A1 6B 53
3193966487	97 0F 60 BE	sub_wrx_sti_09_ai_249	Subaru Impreza WRX STi (Hatchback)	81 7B 0E 8E
3408409694	5E 34 28 CB	sub_wrx_sti_09_nfs_e	Subaru Impreza WRX STi (Hatchback) - NFS Edition	5E 34 28 CB
2575222064	30 C5 7E 99	sub_wrx_sti_09_pp1v1	Subaru Impreza WRX STi (Hatchback) - Style Pack 1	86 DD 68 03
896065324	2C DF 68 35	sub_wrx_sti_09_pp1v2	Subaru Impreza WRX STi (Hatchback) - Style Pack 1	86 DD 68 03
1671456835	43 68 A0 63	sub_wrx_sti_09_pp1v3	Subaru Impreza WRX STi (Hatchback) - Style Pack 1	86 DD 68 03
3106084968	68 18 23 B9	sub_wrx_sti_09_pp1v4	Subaru Impreza WRX STi (Hatchback) - Style Pack 1	86 DD 68 03
3590025396	B4 70 FB D5	sub_wrx_sti_09_pp1v5	Subaru Impreza WRX STi (Hatchback) - Style Pack 1	86 DD 68 03
242620277	75 17 76 0E	sub_wrx_sti_09_pp1v6	Subaru Impreza WRX STi (Hatchback) - Style Pack 1	86 DD 68 03
265629990	26 31 D5 0F	sub_wrx_sti_09_pp1v7	Subaru Impreza WRX STi (Hatchback) - Style Pack 1	86 DD 68 03
1894508444	9C E7 EB 70	sub_wrx_sti_09_pp1v8	Subaru Impreza WRX STi (Hatchback) - Style Pack 1	86 DD 68 03
4202954535	27 FF 83 FA	sub_wrx_sti_09_pp2v1	Subaru Impreza WRX STi (Hatchback) - Style Pack 2	F3 CA 3A 34
2973769491	13 1F 40 B1	sub_wrx_sti_09_pp2v2	Subaru Impreza WRX STi (Hatchback) - Style Pack 2	F3 CA 3A 34
815637392	90 A3 9D 30	sub_wrx_sti_09_pp2v3	Subaru Impreza WRX STi (Hatchback) - Style Pack 2	F3 CA 3A 34
1868945496	58 D8 65 6F	sub_wrx_sti_09_pp2v4	Subaru Impreza WRX STi (Hatchback) - Style Pack 2	F3 CA 3A 34
429693567	7F 9A 9C 19	sub_wrx_sti_09_pp2v5	Subaru Impreza WRX STi (Hatchback) - Style Pack 2	F3 CA 3A 34
1718895206	66 42 74 66	sub_wrx_sti_09_pp2v6	Subaru Impreza WRX STi (Hatchback) - Style Pack 2	F3 CA 3A 34
3664103326	9E C7 65 DA	sub_wrx_sti_09_pp2v7	Subaru Impreza WRX STi (Hatchback) - Style Pack 2	F3 CA 3A 34
408931007	BF CA 5F 18	sub_wrx_sti_09_pp2v8	Subaru Impreza WRX STi (Hatchback) - Style Pack 2	F3 CA 3A 34
1983180869	45 F0 34 76	sub_wrx_sti_09_pp3v1	Subaru Impreza WRX STi (Hatchback) - Time Attack Pack	41 97 7E 52
2979445194	CA B9 96 B1	sub_wrx_sti_09_pp3v2	Subaru Impreza WRX STi (Hatchback) - Time Attack Pack	41 97 7E 52
3298516471	F7 5D 9B C4	sub_wrx_sti_09_pp3v3	Subaru Impreza WRX STi (Hatchback) - Time Attack Pack	41 97 7E 52
1098518060	2C 0E 7A 41	sub_wrx_sti_09_pp3v4	Subaru Impreza WRX STi (Hatchback) - Time Attack Pack	41 97 7E 52
2184413563	7B 81 33 82	sub_wrx_sti_09_pp3v5	Subaru Impreza WRX STi (Hatchback) - Time Attack Pack	41 97 7E 52
1077012076	6C E6 31 40	sub_wrx_sti_09_pp3v6	Subaru Impreza WRX STi (Hatchback) - Time Attack Pack	41 97 7E 52
936343031	F7 75 CF 37	sub_wrx_sti_09_pp3v7	Subaru Impreza WRX STi (Hatchback) - Time Attack Pack	41 97 7E 52
2888678796	8C BD 2D AC	sub_wrx_sti_09_pp3v8	Subaru Impreza WRX STi (Hatchback) - Time Attack Pack	41 97 7E 52
3590308002	A2 C0 FF D5	sub_wrx_sti_09_pp_rare_1	Subaru Impreza WRX STi (Hatchback) - Signature Edition	81 7B 0E 8E
3709719357	3D D3 1D DD	sub_wrx_sti_09_pp_stock_1	Subaru Impreza WRX STi (Hatchback)	00 00 00 00
3177585725	3D 1C 66 BD	sub_wrx_sti_09_pp_stock_2	Subaru Impreza WRX STi (Hatchback)	00 00 00 00
3430200870	26 B6 74 CC	sub_wrx_sti_09_pp_stock_3	Subaru Impreza WRX STi (Hatchback)	00 00 00 00
3975043653	45 5A EE EC	sub_wrx_sti_09_pp_stock_4	Subaru Impreza WRX STi (Hatchback)	00 00 00 00
130260795	3B 9F C3 07	sub_wrx_sti_09_pp_stock_5	Subaru Impreza WRX STi (Hatchback)	00 00 00 00
1741839153	31 5B D2 67	sub_wrx_sti_09_pp_stock_6	Subaru Impreza WRX STi (Hatchback)	00 00 00 00
3034875616	E0 86 E4 B4	sub_wrx_sti_09_pp_stock_7	Subaru Impreza WRX STi (Hatchback)	00 00 00 00
1608340618	8A 54 DD 5F	sub_wrx_sti_09_pp_stock_8	Subaru Impreza WRX STi (Hatchback)	00 00 00 00
1523823037	BD B1 D3 5A	test_paint_car	Test Paint Car	00 00 00 00
150911535	2F BA FE 08	test_sphere_car_1	Test Sphere Car 1	00 00 00 00
697448900	C4 39 92 29	toy_cor_stk_86	Toyota Corolla GTS (AE86)	00 00 00 00
2927791046	C6 8B 82 AE	toy_cor_stk_86_ai_004	Toyota Corolla GTS (AE86)	97 21 80 4F
2071696185	39 93 7B 7B	toy_cor_stk_86_ai_019	Toyota Corolla GTS (AE86)	97 21 80 4F
2128429859	23 43 DD 7E	toy_cor_stk_86_ai_085	Toyota Corolla GTS (AE86)	97 21 80 4F
1287845648	10 F7 C2 4C	toy_cor_stk_86_ai_222	Toyota Corolla GTS (AE86)	97 21 80 4F
2801584183	37 C8 FC A6	toy_cor_stk_86_ai_289	Toyota Corolla GTS (AE86)	97 21 80 4F
920343156	74 52 DB 36	toy_cor_stk_86_ai_290	Toyota Corolla GTS (AE86)	97 21 80 4F
1333797271	97 21 80 4F	toy_cor_stk_86_nfs_e	Toyota Corolla GTS (AE86) - NFS Edition	A3 11 E9 1C
411433228	0C F9 85 18	toy_cor_stk_86_pp1v1	Toyota Corolla GTS (AE86) - Style Pack 1	89 F0 0C 4F
1705976424	68 22 AF 65	toy_cor_stk_86_pp1v2	Toyota Corolla GTS (AE86) - Style Pack 1	89 F0 0C 4F
2803043954	72 0E 13 A7	toy_cor_stk_86_pp1v3	Toyota Corolla GTS (AE86) - Style Pack 1	89 F0 0C 4F
3934817612	4C 8D 88 EA	toy_cor_stk_86_pp1v4	Toyota Corolla GTS (AE86) - Style Pack 1	89 F0 0C 4F
2162761292	4C 1E E9 80	toy_cor_stk_86_pp1v5	Toyota Corolla GTS (AE86) - Style Pack 1	89 F0 0C 4F
3038225283	83 A3 17 B5	toy_cor_stk_86_pp1v6	Toyota Corolla GTS (AE86) - Style Pack 1	89 F0 0C 4F
189821696	00 73 50 0B	toy_cor_stk_86_pp1v7	Toyota Corolla GTS (AE86) - Style Pack 1	89 F0 0C 4F
2617914358	F6 33 0A 9C	toy_cor_stk_86_pp1v8	Toyota Corolla GTS (AE86) - Style Pack 1	89 F0 0C 4F
2123498211	E3 02 92 7E	toy_cor_stk_86_pp2v1	Toyota Corolla GTS (AE86) - Drifting Pack	6B 41 DD 8D
2465990339	C3 06 FC 92	toy_cor_stk_86_pp2v2	Toyota Corolla GTS (AE86) - Drifting Pack	6B 41 DD 8D
3282682236	7C C1 A9 C3	toy_cor_stk_86_pp2v3	Toyota Corolla GTS (AE86) - Drifting Pack	6B 41 DD 8D
2910230571	2B 98 76 AD	toy_cor_stk_86_pp2v4	Toyota Corolla GTS (AE86) - Drifting Pack	6B 41 DD 8D
3855006449	F1 BA C6 E5	toy_cor_stk_86_pp2v5	Toyota Corolla GTS (AE86) - Drifting Pack	6B 41 DD 8D
2747822705	71 72 C8 A3	toy_cor_stk_86_pp2v6	Toyota Corolla GTS (AE86) - Drifting Pack	6B 41 DD 8D
2520679671	F7 84 3E 96	toy_cor_stk_86_pp2v7	Toyota Corolla GTS (AE86) - Drifting Pack	6B 41 DD 8D
4218946416	70 03 78 FB	toy_cor_stk_86_pp2v8	Toyota Corolla GTS (AE86) - Drifting Pack	6B 41 DD 8D
382914145	61 CE D2 16	toy_cor_stk_86_pp_stock_1	Toyota Corolla GTS (AE86)	00 00 00 00
892817461	35 50 37 35	toy_cor_stk_86_pp_stock_2	Toyota Corolla GTS (AE86)	00 00 00 00
1541422759	A7 3E E0 5B	toy_cor_stk_86_pp_stock_3	Toyota Corolla GTS (AE86)	00 00 00 00
4232320339	53 15 44 FC	toy_cor_stk_86_pp_stock_4	Toyota Corolla GTS (AE86)	00 00 00 00
342451886	AE 66 69 14	toy_cor_stk_86_pp_stock_5	Toyota Corolla GTS (AE86)	00 00 00 00
4001731402	4A 93 85 EE	toy_cor_stk_86_pp_stock_6	Toyota Corolla GTS (AE86)	00 00 00 00
2522207311	4F D4 55 96	toy_cor_stk_86_pp_stock_7	Toyota Corolla GTS (AE86)	00 00 00 00
3729990700	2C 24 53 DE	toy_cor_stk_86_pp_stock_8	Toyota Corolla GTS (AE86)	00 00 00 00
701145112	18 A0 CA 29	toy_sup_rad_98	Toyota Supra Chris Rado Stock	00 00 00 00
1550496324	44 B2 6A 5C	toy_sup_stk_98	Toyota Supra	00 00 00 00
1542505926	C6 C5 F0 5B	toy_sup_stk_98_ai_005	Toyota Supra	39 34 40 09
2469495176	88 81 31 93	toy_sup_stk_98_ai_012	Toyota Supra	58 1D 97 6D
4019955504	30 A7 9B EF	toy_sup_stk_98_ai_024	Toyota Supra	39 34 40 09
2258526786	42 62 9E 86	toy_sup_stk_98_ai_081	Toyota Supra	6E 75 B9 79
2917914129	11 D6 EB AD	toy_sup_stk_98_ai_142	Toyota Supra	6E 75 B9 79
2434254937	59 C8 17 91	toy_sup_stk_98_ai_143	Toyota Supra	6E 75 B9 79
1084604207	2F BF A5 40	toy_sup_stk_98_ai_164	Toyota Supra	6E 75 B9 79
1222984308	74 42 E5 48	toy_sup_stk_98_marketing_1	Toyota Supra Chris Rado - NFS Edition	34 1C 17 50
155202617	39 34 40 09	toy_sup_stk_98_nfs_e	Toyota Supra - NFS Edition	7F BF 77 80
3896371551	5F E9 3D E8	toy_sup_stk_98_pp1v1	Toyota Supra - Style Pack 1	0A 2B 03 B8
1955904624	70 BC 94 74	toy_sup_stk_98_pp1v2	Toyota Supra - Style Pack 1	0A 2B 03 B8
1836398889	29 39 75 6D	toy_sup_stk_98_pp1v3	Toyota Supra - Style Pack 1	0A 2B 03 B8
4173110917	85 9E BC F8	toy_sup_stk_98_pp1v4	Toyota Supra - Style Pack 1	0A 2B 03 B8
2975839754	0A B6 5F B1	toy_sup_stk_98_pp1v5	Toyota Supra - Style Pack 1	0A 2B 03 B8
301347576	F8 32 F6 11	toy_sup_stk_98_pp1v6	Toyota Supra - Style Pack 1	0A 2B 03 B8
2452656268	8C 90 30 92	toy_sup_stk_98_pp1v7	Toyota Supra - Style Pack 1	0A 2B 03 B8
964875228	DC D3 82 39	toy_sup_stk_98_pp1v8	Toyota Supra - Style Pack 1	0A 2B 03 B8
2612539207	47 2F B8 9B	toy_sup_stk_98_pp2v1	Toyota Supra - Style Pack 2	57 E4 76 55
1399116854	36 D4 64 53	toy_sup_stk_98_pp2v2	Toyota Supra - Style Pack 2	57 E4 76 55
1340205422	6E E9 E1 4F	toy_sup_stk_98_pp2v3	Toyota Supra - Style Pack 2	57 E4 76 55
3344024306	F2 C2 51 C7	toy_sup_stk_98_pp2v4	Toyota Supra - Style Pack 2	57 E4 76 55
3630058509	0D 4C 5E D8	toy_sup_stk_98_pp2v5	Toyota Supra - Style Pack 2	57 E4 76 55
2969402154	2A 7B FD B0	toy_sup_stk_98_pp2v6	Toyota Supra - Style Pack 2	57 E4 76 55
2620950372	64 87 38 9C	toy_sup_stk_98_pp2v7	Toyota Supra - Style Pack 2	57 E4 76 55
1707549906	D2 24 C7 65	toy_sup_stk_98_pp2v8	Toyota Supra - Style Pack 2	57 E4 76 55
1345503931	BB C2 32 50	toy_sup_stk_98_pp3v1	Toyota Supra - Racer Pack	38 D5 70 08
2424426739	F3 D0 81 90	toy_sup_stk_98_pp3v2	Toyota Supra - Racer Pack	38 D5 70 08
362763795	13 56 9F 15	toy_sup_stk_98_pp3v3	Toyota Supra - Racer Pack	38 D5 70 08
677136848	D0 49 5C 28	toy_sup_stk_98_pp3v4	Toyota Supra - Racer Pack	38 D5 70 08
2012043092	54 57 ED 77	toy_sup_stk_98_pp3v5	Toyota Supra - Racer Pack	38 D5 70 08
3482377762	22 DE 90 CF	toy_sup_stk_98_pp3v6	Toyota Supra - Racer Pack	38 D5 70 08
1474209411	83 A6 DE 57	toy_sup_stk_98_pp3v7	Toyota Supra - Racer Pack	38 D5 70 08
1932355148	4C 66 2D 73	toy_sup_stk_98_pp3v8	Toyota Supra - Racer Pack	38 D5 70 08
1783504690	32 1F 4E 6A	toy_sup_stk_98_pp_stock_1	Toyota Supra	00 00 00 00
4177861279	9F 1A 05 F9	toy_sup_stk_98_pp_stock_2	Toyota Supra	00 00 00 00
2116854975	BF A4 2C 7E	toy_sup_stk_98_pp_stock_3	Toyota Supra	00 00 00 00
836857720	78 6F E1 31	toy_sup_stk_98_pp_stock_4	Toyota Supra	00 00 00 00
1899178565	45 2A 33 71	toy_sup_stk_98_pp_stock_5	Toyota Supra	00 00 00 00
1788582072	B8 98 9B 6A	toy_sup_stk_98_pp_stock_6	Toyota Supra	00 00 00 00
1841063102	BE 64 BC 6D	toy_sup_stk_98_pp_stock_7	Toyota Supra	00 00 00 00
3896598245	E5 5E 41 E8	toy_sup_stk_98_pp_stock_8	Toyota Supra	00 00 00 00
137725440	00 86 35 08	trf_aud_a4_05	Audi A4 2.0T quattro (B7)	00 00 00 00
828472541	DD 7C 61 31	trf_aud_a4_05_black	Audi A4 2.0T quattro (B7)	00 86 35 08
467489103	4F 51 DD 1B	trf_aud_a4_05_blue	Audi A4 2.0T quattro (B7)	00 86 35 08
830002817	81 D6 78 31	trf_aud_a4_05_metallicgrey	Audi A4 2.0T quattro (B7)	00 86 35 08
1047110754	62 A4 69 3E	trf_aud_a4_05_red	Audi A4 2.0T quattro (B7)	00 86 35 08
4124578479	AF 12 D8 F5	trf_aud_a4_05_silver	Audi A4 2.0T quattro (B7)	00 86 35 08
3260137279	3F BF 51 C2	trf_aud_a4_05_white	Audi A4 2.0T quattro (B7)	00 86 35 08
224771119	2F BC 65 0D	trf_bus_hwy_10	Highway Bus	00 00 00 00
1474688195	C3 F4 E5 57	trf_bus_hwy_10_black	Highway Bus	2F BC 65 0D
3192793745	91 2A 4E BE	trf_bus_hwy_10_silver	Highway Bus	2F BC 65 0D
2924268683	8B CC 4C AE	trf_bus_hwy_10_white	Highway Bus	2F BC 65 0D
2067682185	89 53 3E 7B	trf_cad_cts_03	Cadillac CTS	00 00 00 00
2996099222	96 D8 94 B2	trf_cad_cts_03_champagne	Cadillac CTS	89 53 3E 7B
2678595945	69 21 A8 9F	trf_cad_cts_03_metallicblack	Cadillac CTS	89 53 3E 7B
1315492107	0B D1 68 4E	trf_cad_cts_03_metallicburgundy	Cadillac CTS	89 53 3E 7B
1233780925	BD 00 8A 49	trf_cad_cts_03_metallicgrey	Cadillac CTS	89 53 3E 7B
4113184513	01 37 2A F5	trf_cad_cts_03_silver	Cadillac CTS	89 53 3E 7B
840025206	76 C4 11 32	trf_cad_cts_03_white	Cadillac CTS	89 53 3E 7B
307802168	38 B0 58 12	trf_che_cob_06	Chevrolet Cobalt LT	00 00 00 00
1703726724	84 CE 8C 65	trf_che_cob_06_black	Chevrolet Cobalt LT	00 00 00 00
2445567791	2F 67 C4 91	trf_che_cob_06_champagne	Chevrolet Cobalt LT	00 00 00 00
3818617834	EA 7B 9B E3	trf_che_cob_06_green	Chevrolet Cobalt LT	00 00 00 00
29828193	61 24 C7 01	trf_che_cob_06_metallic_blue	Chevrolet Cobalt LT	00 00 00 00
547838561	61 5A A7 20	trf_che_cob_06_metallic_red	Chevrolet Cobalt LT	00 00 00 00
2968523099	5B 11 F0 B0	trf_che_cob_06_silver	Chevrolet Cobalt LT	00 00 00 00
355260613	C5 D8 2C 15	trf_che_cob_06_white	Chevrolet Cobalt LT	00 00 00 00
2216828535	77 1E 22 84	trf_dod_cal_07	Dodge Caliber SXT	00 00 00 00
1134037015	17 08 98 43	trf_dod_cal_07_black	Dodge Caliber SXT	00 00 00 00
3251170630	46 ED C8 C1	trf_dod_cal_07_burgundy	Dodge Caliber SXT	00 00 00 00
2180228584	E8 A5 F3 81	trf_dod_cal_07_darkblue	Dodge Caliber SXT	00 00 00 00
9776636	FC 2D 95 00	trf_dod_cal_07_metallic_light_blue	Dodge Caliber SXT	00 00 00 00
328268147	73 F9 90 13	trf_dod_cal_07_metallicgrey	Dodge Caliber SXT	00 00 00 00
315992263	C7 A8 D5 12	trf_dod_cal_07_red	Dodge Caliber SXT	00 00 00 00
369056151	97 59 FF 15	trf_dod_cal_07_white	Dodge Caliber SXT	00 00 00 00
2160455037	7D ED C5 80	trf_dod_chr_07	Dodge Charger SRT8	00 00 00 00
3605144455	87 23 E2 D6	trf_dod_chr_07_black	Dodge Charger SRT8	7D ED C5 80
1809185069	2D F9 D5 6B	trf_dod_chr_07_blue	Dodge Charger SRT8	7D ED C5 80
1168799423	BF 76 AA 45	trf_dod_chr_07_burgundy	Dodge Charger SRT8	7D ED C5 80
1841313283	03 36 C0 6D	trf_dod_chr_07_darkblue	Dodge Charger SRT8	7D ED C5 80
481076934	C6 A6 AC 1C	trf_dod_chr_07_red	Dodge Charger SRT8	7D ED C5 80
2903475989	15 87 0F AD	trf_dod_chr_07_silver	Dodge Charger SRT8	7D ED C5 80
987553923	83 E0 DC 3A	trf_dod_chr_07_taxi	Dodge Charger SRT8	7D ED C5 80
29017235	93 C4 BA 01	trf_dod_chr_07_white	Dodge Charger SRT8	7D ED C5 80
3667704319	FF B9 9C DA	trf_dod_chr_08_taxi_wh	Dodge Charger SRT8	7D ED C5 80
4282772475	FB EB 45 FF	trf_dod_cvn_08	Dodge Grand Caravan SXT	00 00 00 00
1891731708	FC 88 C1 70	trf_dod_cvn_08_champagne	Dodge Grand Caravan SXT	00 00 00 00
3167608146	52 DD CD BC	trf_dod_cvn_08_cream	Dodge Grand Caravan SXT	00 00 00 00
839497089	81 B5 09 32	trf_dod_cvn_08_darkblue	Dodge Grand Caravan SXT	00 00 00 00
879559431	07 03 6D 34	trf_dod_cvn_08_green	Dodge Grand Caravan SXT	00 00 00 00
2623070904	B8 E2 58 9C	trf_dod_cvn_08_metallicgrey	Dodge Grand Caravan SXT	00 00 00 00
3891539568	70 2E F4 E7	trf_dod_cvn_08_metalliclightblue	Dodge Grand Caravan SXT	00 00 00 00
3969179522	82 DF 94 EC	trf_dod_cvn_08_silver	Dodge Grand Caravan SXT	00 00 00 00
1744552134	C6 C0 FB 67	trf_dod_mag_08	Dodge Magnum R/T (LX)	00 00 00 00
1670417919	FF 8D 90 63	trf_dod_mag_08_black	Dodge Magnum R/T (LX)	C6 C0 FB 67
643060618	8A 53 54 26	trf_dod_mag_08_darkblue	Dodge Magnum R/T (LX)	C6 C0 FB 67
1933411416	58 84 3D 73	trf_dod_mag_08_metallicburgundy	Dodge Magnum R/T (LX)	C6 C0 FB 67
3486543399	27 6E D0 CF	trf_dod_mag_08_metallicdarkgrey	Dodge Magnum R/T (LX)	C6 C0 FB 67
879769355	0B 37 70 34	trf_dod_mag_08_silver	Dodge Magnum R/T (LX)	C6 C0 FB 67
1940620870	46 86 AB 73	trf_dod_ram_10	Dodge Ram 1500	00 00 00 00
1327975427	03 4C 27 4F	trf_dod_ram_10_black	Dodge Ram 1500	46 86 AB 73
797976334	0E 27 90 2F	trf_dod_ram_10_blue	Dodge Ram 1500	46 86 AB 73
3940602436	44 D2 E0 EA	trf_dod_ram_10_burgundy	Dodge Ram 1500	46 86 AB 73
3155449844	F4 57 14 BC	trf_dod_ram_10_darkblue	Dodge Ram 1500	46 86 AB 73
1776243246	2E 52 DF 69	trf_dod_ram_10_green	Dodge Ram 1500	46 86 AB 73
1619829642	8A A3 8C 60	trf_dod_ram_10_red	Dodge Ram 1500	46 86 AB 73
3400466437	05 00 AF CA	trf_dod_ram_10_silver	Dodge Ram 1500	46 86 AB 73
281806393	39 06 CC 10	trf_dod_ram_10_white	Dodge Ram 1500	46 86 AB 73
3333900522	EA 48 B7 C6	trf_for_vic_05	Ford Crown Victoria	00 00 00 00
3671344414	1E 45 D4 DA	trf_for_vic_05_1	Ford Crown Victoria	00 00 00 00
3315076552	C8 0D 98 C5	trf_for_vis_05_ny_ai	Ford Crown Victoria	00 00 00 00
2245484715	AB 60 D7 85	trf_gen_mus_08	Generic Muscle Car	00 00 00 00
298602837	55 51 CC 11	trf_gen_mus_08_black	Generic Muscle Car	AB 60 D7 85
3605317980	5C C9 E4 D6	trf_gen_mus_08_metallicgrey	Generic Muscle Car	AB 60 D7 85
1454832316	BC FA B6 56	trf_gen_mus_08_red	Generic Muscle Car	AB 60 D7 85
844169168	D0 FF 50 32	trf_gen_mus_08_white	Generic Muscle Car	AB 60 D7 85
803822024	C8 59 E9 2F	trf_gen_mus_08_yellow	Generic Muscle Car	AB 60 D7 85
1605131852	4C 5E AC 5F	trf_gen_rv_10	Generic RV	00 00 00 00
3701515615	5F A5 A0 DC	trf_gen_tra_00	Generic Tractor	00 00 00 00
3027739583	BF A3 77 B4	trf_gmc_top_10	GMC Topkick (C-Series)	00 00 00 00
3526930677	F5 B0 38 D2	trf_gmc_top_10_black	GMC Topkick (C-Series)	00 00 00 00
80880254	7E 22 D2 04	trf_gmc_top_10_silver	GMC Topkick (C-Series)	00 00 00 00
2024926502	26 ED B1 78	trf_gmc_top_10_white	GMC Topkick (C-Series)	00 00 00 00
1224246096	50 83 F8 48	trf_gmc_van_05	GMC Savana Cargo Van	00 00 00 00
1862397329	91 ED 01 6F	trf_gmc_van_05_black	GMC Savana Cargo Van	50 83 F8 48
253776171	2B 51 20 0F	trf_gmc_van_05_darkblue	GMC Savana Cargo Van	50 83 F8 48
2454740398	AE 5D 50 92	trf_gmc_van_05_metallicgrey	GMC Savana Cargo Van	50 83 F8 48
4000527890	12 36 73 EE	trf_gmc_van_05_mob	GMC Savana Cargo Van	00 00 00 00
3885224148	D4 D0 93 E7	trf_gmc_van_05_white	GMC Savana Cargo Van	50 83 F8 48
326820392	28 E2 7A 13	trf_inf_g35_03	Infiniti G35	00 00 00 00
1188587536	10 68 D8 46	trf_inf_g35_03_black	Infiniti G35	00 00 00 00
887489260	EC 02 E6 34	trf_inf_g35_03_metallicblack	Infiniti G35	00 00 00 00
2241585505	61 E1 9B 85	trf_inf_g35_03_metallicburgundy	Infiniti G35	00 00 00 00
2496137599	7F 09 C8 94	trf_inf_g35_03_metallicdarkblue	Infiniti G35	00 00 00 00
605073040	90 AE 10 24	trf_inf_g35_03_metallicgrey	Infiniti G35	00 00 00 00
3131430334	BE D5 A5 BA	trf_inf_g35_03_red	Infiniti G35	00 00 00 00
1224939780	04 19 03 49	trf_inf_g35_03_silver	Infiniti G35	00 00 00 00
595767188	94 AF 82 23	trf_inf_g35_03_white	Infiniti G35	00 00 00 00
671168939	AB 39 01 28	trf_nis_fro_10	Nissan Frontier King Cab Pro 4X	00 00 00 00
3101792371	73 98 E1 B8	trf_nis_fro_10_black	Nissan Frontier King Cab Pro 4X	AB 39 01 28
1742911681	C1 B8 E2 67	trf_nis_fro_10_darkblue	Nissan Frontier King Cab Pro 4X	AB 39 01 28
1352349181	FD 35 9B 50	trf_nis_fro_10_darkgreen	Nissan Frontier King Cab Pro 4X	AB 39 01 28
283980641	61 33 ED 10	trf_nis_fro_10_silver	Nissan Frontier King Cab Pro 4X	AB 39 01 28
1552827901	FD 45 8E 5C	trf_nis_fro_10_white	Nissan Frontier King Cab Pro 4X	AB 39 01 28
2013943926	76 58 0A 78	trf_nis_ver_10	Nissan Versa	00 00 00 00
3476452833	E1 75 36 CF	trf_nis_ver_10_blue	Nissan Versa	00 00 00 00
3455539443	F3 58 F7 CD	trf_nis_ver_10_darkblue	Nissan Versa	00 00 00 00
2796296480	20 19 AC A6	trf_nis_ver_10_metallicburgundy	Nissan Versa	00 00 00 00
4293493754	FA 83 E9 FF	trf_nis_ver_10_metallicgrey	Nissan Versa	00 00 00 00
364719465	69 2D BD 15	trf_nis_ver_10_red	Nissan Versa	00 00 00 00
3483820081	31 E0 A6 CF	trf_nis_ver_10_silver	Nissan Versa	00 00 00 00
775293096	A8 08 36 2E	trf_nis_ver_10_white	Nissan Versa	00 00 00 00
81937909	F5 45 E2 04	trf_por_cay_08	Porsche Cayenne Turbo	00 00 00 00
921288430	EE BE E9 36	trf_por_cay_08_black	Porsche Cayenne Turbo	F5 45 E2 04
3313771613	5D 24 84 C5	trf_por_cay_08_burgundy	Porsche Cayenne Turbo	F5 45 E2 04
2483871641	99 DF 0C 94	trf_por_cay_08_champagne	Porsche Cayenne Turbo	F5 45 E2 04
249269902	8E 8E DB 0E	trf_por_cay_08_cop	Porsche Cayenne Turbo Police	CC 44 1E 82
2001007189	55 F2 44 77	trf_por_cay_08_metallicblack	Porsche Cayenne Turbo	F5 45 E2 04
3776384375	77 0D 17 E1	trf_por_cay_08_metallicgrey	Porsche Cayenne Turbo	F5 45 E2 04
705942918	86 D5 13 2A	trf_por_cay_08_mob_ai	Porsche Cayenne Turbo	8B 5C D2 6F
3273922746	BA 18 24 C3	trf_por_cay_08_silver	Porsche Cayenne Turbo	F5 45 E2 04
3686237963	0B 87 B7 DB	trf_por_cay_08_white	Porsche Cayenne Turbo	F5 45 E2 04
3167283248	30 E8 C8 BC	trf_trk_box_95	Generic Box Truck Old	00 00 00 00
3160142591	FF F2 5B BC	trf_trk_box_95_black	Generic Box Truck Old	00 00 00 00
2350870461	BD 6F 1F 8C	trf_trk_box_95_burgundy	Generic Box Truck Old	00 00 00 00
2183832892	3C A5 2A 82	trf_trk_box_95_metallicgrey	Generic Box Truck Old	00 00 00 00
396241281	81 29 9E 17	trf_trk_box_95_silver	Generic Box Truck Old	00 00 00 00
223080421	E5 EF 4B 0D	trf_trk_box_95_white	Generic Box Truck Old	00 00 00 00
2790930254	4E 37 5A A6	trf_trk_fla_10	Generic Flat Truck New	00 00 00 00
3660666968	58 58 31 DA	trf_trk_fla_10_black	Generic Flat Truck New	00 00 00 00
548360084	94 4F AF 20	trf_trk_fla_10_burgundy	Generic Flat Truck New	00 00 00 00
1211667269	45 93 38 48	trf_trk_fla_10_darkblue	Generic Flat Truck New	00 00 00 00
3508551003	5B 3D 20 D1	trf_trk_fla_10_metallicdarkgrey	Generic Flat Truck New	00 00 00 00
1602358690	A2 0D 82 5F	trf_trk_fla_10_silver	Generic Flat Truck New	00 00 00 00
3181070523	BB 48 9B BD	trf_trk_fla_10_white	Generic Flat Truck New	00 00 00 00
1314239836	5C B5 55 4E	trf_trk_sem_10	Generic Semi Truck New	00 00 00 00
2949047200	A0 E3 C6 AF	trf_trk_tan_10	Generic Tanker Truck New	00 00 00 00
2903845805	AD 2B 15 AD	trf_trk_tan_10_black	Generic Tanker Truck New	00 00 00 00
2433324751	CF 96 09 91	trf_trk_tan_10_metallicdarkblue	Generic Tanker Truck New	00 00 00 00
2013551959	57 5D 04 78	trf_trk_tan_10_shell	Generic Tanker Truck New	00 00 00 00
3717932590	2E 26 9B DD	trf_trk_tan_10_silver	Generic Tanker Truck New	00 00 00 00
1975564786	F2 B9 C0 75	trf_trk_tan_10_white	Generic Tanker Truck New	00 00 00 00
1784507788	8C 6D 5D 6A	vol_gti_mk1_76	Volkswagen Golf GTI (Mk1)	00 00 00 00
1840926221	0D 4E BA 6D	vol_gti_mk1_76_ai_002	Volkswagen Golf GTI (Mk1)	8C DA 59 71
2539886783	BF 98 63 97	vol_gti_mk1_76_ai_074	Volkswagen Golf GTI (Mk1)	8C DA 59 71
986928949	35 57 D3 3A	vol_gti_mk1_76_ai_075	Volkswagen Golf GTI (Mk1)	8C DA 59 71
2613494165	95 C1 C6 9B	vol_gti_mk1_76_ai_120	Volkswagen Golf GTI (Mk1)	8C DA 59 71
2089443610	1A 61 8A 7C	vol_gti_mk1_76_ai_121	Volkswagen Golf GTI (Mk1)	8C DA 59 71
1339518974	FE 6F D7 4F	vol_gti_mk1_76_ai_172	Volkswagen Golf GTI (Mk1)	8C DA 59 71
3069328390	06 3C F2 B6	vol_gti_mk1_76_ai_177	Volkswagen Golf GTI (Mk1)	8C DA 59 71
1901714060	8C DA 59 71	vol_gti_mk1_76_nfs_e	Volkswagen Golf GTI (Mk1) - NFS Edition	8C DA 59 71
4006488197	85 28 CE EE	vol_gti_mk1_76_pp1v1	Volkswagen Golf GTI (Mk1) - Style Pack 1	A1 19 57 B7
1150888169	E9 28 99 44	vol_gti_mk1_76_pp1v2	Volkswagen Golf GTI (Mk1) - Style Pack 1	A1 19 57 B7
156286591	7F BE 50 09	vol_gti_mk1_76_pp1v3	Volkswagen Golf GTI (Mk1) - Style Pack 1	A1 19 57 B7
150273431	97 FD F4 08	vol_gti_mk1_76_pp1v4	Volkswagen Golf GTI (Mk1) - Style Pack 1	A1 19 57 B7
2429525574	46 9E CF 90	vol_gti_mk1_76_pp1v5	Volkswagen Golf GTI (Mk1) - Style Pack 1	A1 19 57 B7
1366735751	87 BB 76 51	vol_gti_mk1_76_pp1v6	Volkswagen Golf GTI (Mk1) - Style Pack 1	A1 19 57 B7
2212008718	0E 93 D8 83	vol_gti_mk1_76_pp1v7	Volkswagen Golf GTI (Mk1) - Style Pack 1	A1 19 57 B7
223606344	48 F6 53 0D	vol_gti_mk1_76_pp1v8	Volkswagen Golf GTI (Mk1) - Style Pack 1	A1 19 57 B7
4277519707	5B C5 F5 FE	vol_gti_mk1_76_pp2v1	Volkswagen Golf GTI (Mk1) - Euro Look Pack	24 EB 0F CB
2420091869	DD AB 3F 90	vol_gti_mk1_76_pp2v2	Volkswagen Golf GTI (Mk1) - Euro Look Pack	24 EB 0F CB
393386074	5A 98 72 17	vol_gti_mk1_76_pp2v3	Volkswagen Golf GTI (Mk1) - Euro Look Pack	24 EB 0F CB
1122998064	30 97 EF 42	vol_gti_mk1_76_pp2v4	Volkswagen Golf GTI (Mk1) - Euro Look Pack	24 EB 0F CB
1958685965	0D 2D BF 74	vol_gti_mk1_76_pp2v5	Volkswagen Golf GTI (Mk1) - Euro Look Pack	24 EB 0F CB
2997481304	58 EF A9 B2	vol_gti_mk1_76_pp2v6	Volkswagen Golf GTI (Mk1) - Euro Look Pack	24 EB 0F CB
1614707860	94 7C 3E 60	vol_gti_mk1_76_pp2v7	Volkswagen Golf GTI (Mk1) - Euro Look Pack	24 EB 0F CB
2768649334	76 3C 06 A5	vol_gti_mk1_76_pp2v8	Volkswagen Golf GTI (Mk1) - Euro Look Pack	24 EB 0F CB
3720220186	1A 0E BE DD	vol_gti_mk1_76_pp_rare_1	Volkswagen Golf GTI (Mk1) - Signature Edition	17 EB E4 E6
470621649	D1 1D 0D 1C	vol_gti_mk1_76_pp_stock_1	Volkswagen Golf GTI (Mk1)	00 00 00 00
3721885843	93 78 D7 DD	vol_gti_mk1_76_pp_stock_2	Volkswagen Golf GTI (Mk1)	00 00 00 00
561262262	B6 2E 74 21	vol_gti_mk1_76_pp_stock_3	Volkswagen Golf GTI (Mk1)	00 00 00 00
1446568855	97 E3 38 56	vol_gti_mk1_76_pp_stock_4	Volkswagen Golf GTI (Mk1)	00 00 00 00
3365712787	93 B3 9C C8	vol_gti_mk1_76_pp_stock_5	Volkswagen Golf GTI (Mk1)	00 00 00 00
77381397	15 BF 9C 04	vol_gti_mk1_76_pp_stock_6	Volkswagen Golf GTI (Mk1)	00 00 00 00
2733609224	08 91 EF A2	vol_gti_mk1_76_pp_stock_7	Volkswagen Golf GTI (Mk1)	00 00 00 00
3338495730	F2 66 FD C6	vol_gti_mk1_76_pp_stock_8	Volkswagen Golf GTI (Mk1)	00 00 00 00
1060630128	70 EE 37 3F	vol_sci_r_10	Volkswagen Scirocco R	00 00 00 00
1014047533	2D 23 71 3C	vol_sci_r_10_ai_060	Volkswagen Scirocco R	41 C0 1C 4C
3855592966	06 AE CF E5	vol_sci_r_10_ai_061	Volkswagen Scirocco R	41 C0 1C 4C
2294027835	3B 16 BC 88	vol_sci_r_10_ai_074	Volkswagen Scirocco R	41 C0 1C 4C
1764064365	6D 7C 25 69	vol_sci_r_10_ai_148	Volkswagen Scirocco R	41 C0 1C 4C
1276952641	41 C0 1C 4C	vol_sci_r_10_nfs_e	Volkswagen Scirocco R - NFS Edition	41 C0 1C 4C
2810331785	89 42 82 A7	vol_sci_r_10_pp1v1	Volkswagen Scirocco R - Style Pack 1	D1 85 28 65
792035822	EE 81 35 2F	vol_sci_r_10_pp1v2	Volkswagen Scirocco R - Style Pack 1	D1 85 28 65
2466226872	B8 A2 FF 92	vol_sci_r_10_pp1v3	Volkswagen Scirocco R - Style Pack 1	D1 85 28 65
2061489470	3E D5 DF 7A	vol_sci_r_10_pp1v4	Volkswagen Scirocco R - Style Pack 1	D1 85 28 65
1669766778	7A 9E 86 63	vol_sci_r_10_pp1v5	Volkswagen Scirocco R - Style Pack 1	D1 85 28 65
4230613	D5 8D 40 00	vol_sci_r_10_pp1v6	Volkswagen Scirocco R - Style Pack 1	D1 85 28 65
1255749600	E0 37 D9 4A	vol_sci_r_10_pp1v7	Volkswagen Scirocco R - Style Pack 1	D1 85 28 65
2456999779	63 D7 72 92	vol_sci_r_10_pp1v8	Volkswagen Scirocco R - Style Pack 1	D1 85 28 65
1227886699	6B 10 30 49	vol_sci_r_10_pp2v1	Volkswagen Scirocco R - Style Pack 2	96 1D D1 D2
537306801	B1 A6 06 20	vol_sci_r_10_pp2v2	Volkswagen Scirocco R - Style Pack 2	96 1D D1 D2
60351934	BE E5 98 03	vol_sci_r_10_pp2v3	Volkswagen Scirocco R - Style Pack 2	96 1D D1 D2
793218600	28 8E 47 2F	vol_sci_r_10_pp2v4	Volkswagen Scirocco R - Style Pack 2	96 1D D1 D2
712319388	9C 21 75 2A	vol_sci_r_10_pp2v5	Volkswagen Scirocco R - Style Pack 2	96 1D D1 D2
2846450859	AB 64 A9 A9	vol_sci_r_10_pp2v6	Volkswagen Scirocco R - Style Pack 2	96 1D D1 D2
936579644	3C 12 D3 37	vol_sci_r_10_pp2v7	Volkswagen Scirocco R - Style Pack 2	96 1D D1 D2
869366363	5B 7A D1 33	vol_sci_r_10_pp2v8	Volkswagen Scirocco R - Style Pack 2	96 1D D1 D2
3740832111	6F 91 F8 DE	vol_sci_r_10_pp3v1	Volkswagen Scirocco R - Concept Pack	23 FE 5A 4F
2909891087	0F 6A 71 AD	vol_sci_r_10_pp3v2	Volkswagen Scirocco R - Concept Pack	23 FE 5A 4F
796103086	AE 91 73 2F	vol_sci_r_10_pp3v3	Volkswagen Scirocco R - Concept Pack	23 FE 5A 4F
2025360088	D8 8A B8 78	vol_sci_r_10_pp3v4	Volkswagen Scirocco R - Concept Pack	23 FE 5A 4F
3930597464	58 28 48 EA	vol_sci_r_10_pp3v5	Volkswagen Scirocco R - Concept Pack	23 FE 5A 4F
209589435	BB 14 7E 0C	vol_sci_r_10_pp3v6	Volkswagen Scirocco R - Concept Pack	23 FE 5A 4F
4132000104	68 51 49 F6	vol_sci_r_10_pp3v7	Volkswagen Scirocco R - Concept Pack	23 FE 5A 4F
800955808	A0 9D BD 2F	vol_sci_r_10_pp3v8	Volkswagen Scirocco R - Concept Pack	23 FE 5A 4F
2471425506	E2 F5 4E 93	vol_sci_r_10_pp_rare_1	Volkswagen Scirocco R - Signature Edition	ED 5A 47 DD
3651558045	9D 5A A6 D9	vol_sci_r_10_pp_stock_1	Volkswagen Scirocco R	00 00 00 00
3136551309	8D F9 F3 BA	vol_sci_r_10_pp_stock_2	Volkswagen Scirocco R	00 00 00 00
1542967276	EC CF F7 5B	vol_sci_r_10_pp_stock_3	Volkswagen Scirocco R	00 00 00 00
700841334	76 FD C5 29	vol_sci_r_10_pp_stock_4	Volkswagen Scirocco R	00 00 00 00
38048393	89 92 44 02	vol_sci_r_10_pp_stock_5	Volkswagen Scirocco R	00 00 00 00
3633505299	13 E4 92 D8	vol_sci_r_10_pp_stock_6	Volkswagen Scirocco R	00 00 00 00
504098372	44 EE 0B 1E	vol_sci_r_10_pp_stock_7	Volkswagen Scirocco R	00 00 00 00
55723696	B0 46 52 03	vol_sci_r_10_pp_stock_8	Volkswagen Scirocco R	00 00 00 00
